Detected_Item,DB_Item,Detection_Time,DB_LastUpdated
Keringet 500ml,KERINGET-500 ML,,2025-03-14 08:59:50.833
Keringet 500ml,KERINGET-500 ML,,2025-03-14 08:59:50.833
Keringet 500ml,KERINGET-500 ML,,2025-03-14 08:59:50.833
Keringet 500ml,KERINGET-500 ML,,2025-03-14 08:59:50.833
Keringet 500ml,KERINGET-500 ML,,2025-03-14 08:59:50.833
Keringet 500ml,KERINGET-500 ML,,2025-03-14 08:59:50.833
Keringet 500ml,KERINGET-500 ML,,2025-03-14 08:59:50.833
Keringet 500ml,KERINGET-500 ML,,2025-03-14 08:59:50.833
Keringet 500ml,KERINGET-500 ML,,2025-03-14 08:59:50.833
Keringet 500ml,KERINGET-500 ML,,2025-03-14 08:59:50.833
COLGATE CHARCOAL 120ML,COLGATE CHARCOAL 120ML ,,2025-03-11 07:03:35.407
COLGATE CHARCOAL 120ML,COLGATE CHARCOAL 120ML ,,2025-03-11 07:03:35.407
COLGATE CHARCOAL 120ML,COLGATE CHARCOAL 120ML ,,2025-03-11 07:03:35.407
COLGATE CHARCOAL 120ML,COLGATE CHARCOAL 120ML ,,2025-03-11 07:03:35.407
BS TUZO MILK 500ML,BS TUZO MILK 500ML ,,2024-07-18 00:00:00.000
COLGATE CHARCOAL 120ML,COLGATE CHARCOAL 120ML ,,2025-03-11 07:03:35.407
COLGATE CHARCOAL 120ML,COLGATE CHARCOAL 120ML ,,2025-03-11 07:03:35.407
COLGATE CHARCOAL 120ML,COLGATE CHARCOAL 120ML ,,2025-03-11 07:03:35.407
COLGATE CHARCOAL 120ML,COLGATE CHARCOAL 120ML ,,2025-03-11 07:03:35.407
COLGATE CHARCOAL 120ML,COLGATE CHARCOAL 120ML ,,2025-03-11 07:03:35.407
COLGATE CHARCOAL 120ML,COLGATE CHARCOAL 120ML ,,2025-03-11 07:03:35.407
COLGATE CHARCOAL 120ML,COLGATE CHARCOAL 120ML ,,2025-03-11 07:03:35.407
COLGATE CHARCOAL 120ML,COLGATE CHARCOAL 120ML ,,2025-03-11 07:03:35.407
COLGATE CHARCOAL 120ML,COLGATE CHARCOAL 120ML ,,2025-03-11 07:03:35.407
COLGATE CHARCOAL 120ML,COLGATE CHARCOAL 120ML ,,2025-03-11 07:03:35.407
COLGATE CHARCOAL 120ML,COLGATE CHARCOAL 120ML ,,2025-03-11 07:03:35.407
COLGATE CHARCOAL 120ML,COLGATE CHARCOAL 120ML ,,2025-03-11 07:03:35.407
COLGATE CHARCOAL 120ML,COLGATE CHARCOAL 120ML ,,2025-03-11 07:03:35.407
COLGATE CHARCOAL 120ML,COLGATE CHARCOAL 120ML ,,2025-03-11 07:03:35.407
COLGATE CHARCOAL 120ML,COLGATE CHARCOAL 120ML ,,2025-03-11 07:03:35.407
COLGATE CHARCOAL 120ML,COLGATE CHARCOAL 120ML ,,2025-03-11 07:03:35.407
COLGATE CHARCOAL 120ML,COLGATE CHARCOAL 120ML ,,2025-03-11 07:03:35.407
COLGATE CHARCOAL 120ML,COLGATE CHARCOAL 120ML ,,2025-03-11 07:03:35.407
COKE 350ML (LIQUID ONLY),COKE 300ML (LIQUID ONLY),,2016-12-05 16:34:25.000
lucozade energy orange 500ml,LUCOZADE ORANGE 500ML,,2025-02-18 17:01:49.720
lucozade energy orange 500ml,LUCOZADE ORANGE 500ML,,2025-02-18 17:01:49.720
lucozade energy orange 500ml,LUCOZADE ORANGE 500ML,,2025-02-18 17:01:49.720
lucozade energy orange 500ml,LUCOZADE ORANGE 500ML,,2025-02-18 17:01:49.720
lucozade energy orange 500ml,LUCOZADE ORANGE 500ML,,2025-02-18 17:01:49.720
lucozade energy orange 500ml,LUCOZADE ORANGE 500ML,,2025-02-18 17:01:49.720
lucozade energy orange 500ml,LUCOZADE ORANGE 500ML,,2025-02-18 17:01:49.720
COLGATE CHARCOAL 120ML,COLGATE CHARCOAL 120ML ,,2025-03-11 07:03:35.407
COLGATE CHARCOAL 120ML,COLGATE CHARCOAL 120ML ,,2025-03-11 07:03:35.407
COLGATE CHARCOAL 120ML,COLGATE CHARCOAL 120ML ,,2025-03-11 07:03:35.407
COLGATE CHARCOAL 120ML,COLGATE CHARCOAL 120ML ,,2025-03-11 07:03:35.407
COLGATE CHARCOAL 120ML,COLGATE CHARCOAL 120ML ,,2025-03-11 07:03:35.407
COLGATE CHARCOAL 120ML,COLGATE CHARCOAL 120ML ,,2025-03-11 07:03:35.407
COLGATE CHARCOAL 120ML,COLGATE CHARCOAL 120ML ,,2025-03-11 07:03:35.407
COLGATE CHARCOAL 120ML,COLGATE CHARCOAL 120ML ,,2025-03-11 07:03:35.407
COLGATE CHARCOAL 120ML,COLGATE CHARCOAL 120ML ,,2025-03-11 07:03:35.407
COLGATE CHARCOAL 120ML,COLGATE CHARCOAL 120ML ,,2025-03-11 07:03:35.407
COLGATE CHARCOAL 120ML,COLGATE CHARCOAL 120ML ,,2025-03-11 07:03:35.407
COLGATE CHARCOAL 120ML,COLGATE CHARCOAL 120ML ,,2025-03-11 07:03:35.407
COLGATE CHARCOAL 120ML,COLGATE CHARCOAL 120ML ,,2025-03-11 07:03:35.407
COLGATE CHARCOAL 120ML,COLGATE CHARCOAL 120ML ,,2025-03-11 07:03:35.407
COLGATE CHARCOAL 120ML,COLGATE CHARCOAL 120ML ,,2025-03-11 07:03:35.407
COLGATE CHARCOAL 120ML,COLGATE CHARCOAL 120ML ,,2025-03-11 07:03:35.407
COLGATE CHARCOAL 120ML,COLGATE CHARCOAL 120ML ,,2025-03-11 07:03:35.407
BS TUZO MILK 500ML,BS TUZO MILK 500ML ,,2024-07-18 00:00:00.000
COKE 350ML (LIQUID ONLY),COKE 300ML (LIQUID ONLY),,2016-12-05 16:34:25.000
COKE 350ML (LIQUID ONLY),COKE 300ML (LIQUID ONLY),,2016-12-05 16:34:25.000
COKE 350ML (LIQUID ONLY),COKE 300ML (LIQUID ONLY),,2016-12-05 16:34:25.000
COKE 350ML (LIQUID ONLY),COKE 300ML (LIQUID ONLY),,2016-12-05 16:34:25.000
COKE 350ML (LIQUID ONLY),COKE 300ML (LIQUID ONLY),,2016-12-05 16:34:25.000
COKE 350ML (LIQUID ONLY),COKE 300ML (LIQUID ONLY),,2016-12-05 16:34:25.000
COKE 350ML (LIQUID ONLY),COKE 300ML (LIQUID ONLY),,2016-12-05 16:34:25.000
COKE 350ML (LIQUID ONLY),COKE 300ML (LIQUID ONLY),,2016-12-05 16:34:25.000
COKE 350ML (LIQUID ONLY),COKE 300ML (LIQUID ONLY),,2016-12-05 16:34:25.000
COKE 350ML (LIQUID ONLY),COKE 300ML (LIQUID ONLY),,2016-12-05 16:34:25.000
COKE 350ML (LIQUID ONLY),COKE 300ML (LIQUID ONLY),,2016-12-05 16:34:25.000
COKE 350ML (LIQUID ONLY),COKE 300ML (LIQUID ONLY),,2016-12-05 16:34:25.000
COKE 350ML (LIQUID ONLY),COKE 300ML (LIQUID ONLY),,2016-12-05 16:34:25.000
COKE 350ML (LIQUID ONLY),COKE 300ML (LIQUID ONLY),,2016-12-05 16:34:25.000
COKE 350ML (LIQUID ONLY),COKE 300ML (LIQUID ONLY),,2016-12-05 16:34:25.000
COKE 350ML (LIQUID ONLY),COKE 300ML (LIQUID ONLY),,2016-12-05 16:34:25.000
COKE 350ML (LIQUID ONLY),COKE 300ML (LIQUID ONLY),,2016-12-05 16:34:25.000
COKE 350ML (LIQUID ONLY),COKE 300ML (LIQUID ONLY),,2016-12-05 16:34:25.000
COKE 350ML (LIQUID ONLY),COKE 300ML (LIQUID ONLY),,2016-12-05 16:34:25.000
COKE 350ML (LIQUID ONLY),COKE 300ML (LIQUID ONLY),,2016-12-05 16:34:25.000
COKE 350ML (LIQUID ONLY),COKE 300ML (LIQUID ONLY),,2016-12-05 16:34:25.000
COKE 350ML (LIQUID ONLY),COKE 300ML (LIQUID ONLY),,2016-12-05 16:34:25.000
COKE 350ML (LIQUID ONLY),COKE 300ML (LIQUID ONLY),,2016-12-05 16:34:25.000
COKE 350ML (LIQUID ONLY),COKE 300ML (LIQUID ONLY),,2016-12-05 16:34:25.000
COKE 350ML (LIQUID ONLY),COKE 300ML (LIQUID ONLY),,2016-12-05 16:34:25.000
COKE 350ML (LIQUID ONLY),COKE 300ML (LIQUID ONLY),,2016-12-05 16:34:25.000
COKE 350ML (LIQUID ONLY),COKE 300ML (LIQUID ONLY),,2016-12-05 16:34:25.000
COKE 350ML (LIQUID ONLY),COKE 300ML (LIQUID ONLY),,2016-12-05 16:34:25.000
COKE 350ML (LIQUID ONLY),COKE 300ML (LIQUID ONLY),,2016-12-05 16:34:25.000
COKE 350ML (LIQUID ONLY),COKE 300ML (LIQUID ONLY),,2016-12-05 16:34:25.000
COKE 350ML (LIQUID ONLY),COKE 300ML (LIQUID ONLY),,2016-12-05 16:34:25.000
Schweppes tonic water,SCHWEPPES TONIC WATER 150ML,,2020-02-11 19:51:49.440
COKE 350ML (LIQUID ONLY),COKE 300ML (LIQUID ONLY),,2016-12-05 16:34:25.000
COKE 350ML (LIQUID ONLY),COKE 300ML (LIQUID ONLY),,2016-12-05 16:34:25.000
COKE 350ML (LIQUID ONLY),COKE 300ML (LIQUID ONLY),,2016-12-05 16:34:25.000
COKE 350ML (LIQUID ONLY),COKE 300ML (LIQUID ONLY),,2016-12-05 16:34:25.000
COKE 350ML (LIQUID ONLY),COKE 300ML (LIQUID ONLY),,2016-12-05 16:34:25.000
COKE 350ML (LIQUID ONLY),COKE 300ML (LIQUID ONLY),,2016-12-05 16:34:25.000
COKE 350ML (LIQUID ONLY),COKE 300ML (LIQUID ONLY),,2016-12-05 16:34:25.000
COKE 350ML (LIQUID ONLY),COKE 300ML (LIQUID ONLY),,2016-12-05 16:34:25.000
COKE 350ML (LIQUID ONLY),COKE 300ML (LIQUID ONLY),,2016-12-05 16:34:25.000
COKE 350ML (LIQUID ONLY),COKE 300ML (LIQUID ONLY),,2016-12-05 16:34:25.000
COKE 350ML (LIQUID ONLY),COKE 300ML (LIQUID ONLY),,2016-12-05 16:34:25.000
COKE 350ML (LIQUID ONLY),COKE 300ML (LIQUID ONLY),,2016-12-05 16:34:25.000
COKE 350ML (LIQUID ONLY),COKE 300ML (LIQUID ONLY),,2016-12-05 16:34:25.000
COKE 350ML (LIQUID ONLY),COKE 300ML (LIQUID ONLY),,2016-12-05 16:34:25.000
COKE 350ML (LIQUID ONLY),COKE 300ML (LIQUID ONLY),,2016-12-05 16:34:25.000
COKE 350ML (LIQUID ONLY),COKE 300ML (LIQUID ONLY),,2016-12-05 16:34:25.000
COKE 350ML (LIQUID ONLY),COKE 300ML (LIQUID ONLY),,2016-12-05 16:34:25.000
COKE 350ML (LIQUID ONLY),COKE 300ML (LIQUID ONLY),,2016-12-05 16:34:25.000
COKE 350ML (LIQUID ONLY),COKE 300ML (LIQUID ONLY),,2016-12-05 16:34:25.000
COKE 350ML (LIQUID ONLY),COKE 300ML (LIQUID ONLY),,2016-12-05 16:34:25.000
COKE 350ML (LIQUID ONLY),COKE 300ML (LIQUID ONLY),,2016-12-05 16:34:25.000
COKE 350ML (LIQUID ONLY),COKE 300ML (LIQUID ONLY),,2016-12-05 16:34:25.000
COKE 350ML (LIQUID ONLY),COKE 300ML (LIQUID ONLY),,2016-12-05 16:34:25.000
COKE 350ML (LIQUID ONLY),COKE 300ML (LIQUID ONLY),,2016-12-05 16:34:25.000
COKE 350ML (LIQUID ONLY),COKE 300ML (LIQUID ONLY),,2016-12-05 16:34:25.000
COKE 350ML (LIQUID ONLY),COKE 300ML (LIQUID ONLY),,2016-12-05 16:34:25.000
COKE 350ML (LIQUID ONLY),COKE 300ML (LIQUID ONLY),,2016-12-05 16:34:25.000
COKE 350ML (LIQUID ONLY),COKE 300ML (LIQUID ONLY),,2016-12-05 16:34:25.000
COKE 350ML (LIQUID ONLY),COKE 300ML (LIQUID ONLY),,2016-12-05 16:34:25.000
COKE 350ML (LIQUID ONLY),COKE 300ML (LIQUID ONLY),,2016-12-05 16:34:25.000
COKE 350ML (LIQUID ONLY),COKE 300ML (LIQUID ONLY),,2016-12-05 16:34:25.000
COKE 350ML (LIQUID ONLY),COKE 300ML (LIQUID ONLY),,2016-12-05 16:34:25.000
COKE 350ML (LIQUID ONLY),COKE 300ML (LIQUID ONLY),,2016-12-05 16:34:25.000
COKE 350ML (LIQUID ONLY),COKE 300ML (LIQUID ONLY),,2016-12-05 16:34:25.000
COKE 350ML (LIQUID ONLY),COKE 300ML (LIQUID ONLY),,2016-12-05 16:34:25.000
COKE 350ML (LIQUID ONLY),COKE 300ML (LIQUID ONLY),,2016-12-05 16:34:25.000
COKE 350ML (LIQUID ONLY),COKE 300ML (LIQUID ONLY),,2016-12-05 16:34:25.000
COKE 350ML (LIQUID ONLY),COKE 300ML (LIQUID ONLY),,2016-12-05 16:34:25.000
COKE 350ML (LIQUID ONLY),COKE 300ML (LIQUID ONLY),,2016-12-05 16:34:25.000
COKE 350ML (LIQUID ONLY),COKE 300ML (LIQUID ONLY),,2016-12-05 16:34:25.000
COKE 350ML (LIQUID ONLY),COKE 300ML (LIQUID ONLY),,2016-12-05 16:34:25.000
COKE 350ML (LIQUID ONLY),COKE 300ML (LIQUID ONLY),,2016-12-05 16:34:25.000
COKE 350ML (LIQUID ONLY),COKE 300ML (LIQUID ONLY),,2016-12-05 16:34:25.000
COKE 350ML (LIQUID ONLY),COKE 300ML (LIQUID ONLY),,2016-12-05 16:34:25.000
COKE 350ML (LIQUID ONLY),COKE 300ML (LIQUID ONLY),,2016-12-05 16:34:25.000
COKE 350ML (LIQUID ONLY),COKE 300ML (LIQUID ONLY),,2016-12-05 16:34:25.000
COKE 350ML (LIQUID ONLY),COKE 300ML (LIQUID ONLY),,2016-12-05 16:34:25.000
COKE 350ML (LIQUID ONLY),COKE 300ML (LIQUID ONLY),,2016-12-05 16:34:25.000
COKE 350ML (LIQUID ONLY),COKE 300ML (LIQUID ONLY),,2016-12-05 16:34:25.000
COKE 350ML (LIQUID ONLY),COKE 300ML (LIQUID ONLY),,2016-12-05 16:34:25.000
COKE 350ML (LIQUID ONLY),COKE 300ML (LIQUID ONLY),,2016-12-05 16:34:25.000
COKE 350ML (LIQUID ONLY),COKE 300ML (LIQUID ONLY),,2016-12-05 16:34:25.000
COKE 350ML (LIQUID ONLY),COKE 300ML (LIQUID ONLY),,2016-12-05 16:34:25.000
COKE 350ML (LIQUID ONLY),COKE 300ML (LIQUID ONLY),,2016-12-05 16:34:25.000
COKE 350ML (LIQUID ONLY),COKE 300ML (LIQUID ONLY),,2016-12-05 16:34:25.000
COKE 350ML (LIQUID ONLY),COKE 300ML (LIQUID ONLY),,2016-12-05 16:34:25.000
COKE 350ML (LIQUID ONLY),COKE 300ML (LIQUID ONLY),,2016-12-05 16:34:25.000
COKE 350ML (LIQUID ONLY),COKE 300ML (LIQUID ONLY),,2016-12-05 16:34:25.000
COKE 350ML (LIQUID ONLY),COKE 300ML (LIQUID ONLY),,2016-12-05 16:34:25.000
COKE 350ML (LIQUID ONLY),COKE 300ML (LIQUID ONLY),,2016-12-05 16:34:25.000
COKE 350ML (LIQUID ONLY),COKE 300ML (LIQUID ONLY),,2016-12-05 16:34:25.000
COKE 350ML (LIQUID ONLY),COKE 300ML (LIQUID ONLY),,2016-12-05 16:34:25.000
COKE 350ML (LIQUID ONLY),COKE 300ML (LIQUID ONLY),,2016-12-05 16:34:25.000
lucozade energy orange 500ml,LUCOZADE ORANGE 500ML,,2025-02-18 17:01:49.720
lucozade energy orange 500ml,LUCOZADE ORANGE 500ML,,2025-02-18 17:01:49.720
COLGATE CHARCOAL 120ML,COLGATE CHARCOAL 120ML ,,2025-03-11 07:03:35.407
COLGATE CHARCOAL 120ML,COLGATE CHARCOAL 120ML ,,2025-03-11 07:03:35.407
COLGATE CHARCOAL 120ML,COLGATE CHARCOAL 120ML ,,2025-03-11 07:03:35.407
COLGATE CHARCOAL 120ML,COLGATE CHARCOAL 120ML ,,2025-03-11 07:03:35.407
COLGATE CHARCOAL 120ML,COLGATE CHARCOAL 120ML ,,2025-03-11 07:03:35.407
COLGATE CHARCOAL 120ML,COLGATE CHARCOAL 120ML ,,2025-03-11 07:03:35.407
COLGATE CHARCOAL 120ML,COLGATE CHARCOAL 120ML ,,2025-03-11 07:03:35.407
COLGATE CHARCOAL 120ML,COLGATE CHARCOAL 120ML ,,2025-03-11 07:03:35.407
COLGATE CHARCOAL 120ML,COLGATE CHARCOAL 120ML ,,2025-03-11 07:03:35.407
COLGATE CHARCOAL 120ML,COLGATE CHARCOAL 120ML ,,2025-03-11 07:03:35.407
COLGATE CHARCOAL 120ML,COLGATE CHARCOAL 120ML ,,2025-03-11 07:03:35.407
COLGATE CHARCOAL 120ML,COLGATE CHARCOAL 120ML ,,2025-03-11 07:03:35.407
COLGATE CHARCOAL 120ML,COLGATE CHARCOAL 120ML ,,2025-03-11 07:03:35.407
COLGATE CHARCOAL 120ML,COLGATE CHARCOAL 120ML ,,2025-03-11 07:03:35.407
COLGATE CHARCOAL 120ML,COLGATE CHARCOAL 120ML ,,2025-03-11 07:03:35.407
COLGATE CHARCOAL 120ML,COLGATE CHARCOAL 120ML ,,2025-03-11 07:03:35.407
COLGATE CHARCOAL 120ML,COLGATE CHARCOAL 120ML ,,2025-03-11 07:03:35.407
COLGATE CHARCOAL 120ML,COLGATE CHARCOAL 120ML ,,2025-03-11 07:03:35.407
COLGATE CHARCOAL 120ML,COLGATE CHARCOAL 120ML ,,2025-03-11 07:03:35.407
COLGATE CHARCOAL 120ML,COLGATE CHARCOAL 120ML ,,2025-03-11 07:03:35.407
COLGATE CHARCOAL 120ML,COLGATE CHARCOAL 120ML ,,2025-03-11 07:03:35.407
COLGATE CHARCOAL 120ML,COLGATE CHARCOAL 120ML ,,2025-03-11 07:03:35.407
COLGATE CHARCOAL 120ML,COLGATE CHARCOAL 120ML ,,2025-03-11 07:03:35.407
COLGATE CHARCOAL 120ML,COLGATE CHARCOAL 120ML ,,2025-03-11 07:03:35.407
COLGATE CHARCOAL 120ML,COLGATE CHARCOAL 120ML ,,2025-03-11 07:03:35.407
COLGATE CHARCOAL 120ML,COLGATE CHARCOAL 120ML ,,2025-03-11 07:03:35.407
COLGATE CHARCOAL 120ML,COLGATE CHARCOAL 120ML ,,2025-03-11 07:03:35.407
COLGATE CHARCOAL 120ML,COLGATE CHARCOAL 120ML ,,2025-03-11 07:03:35.407
COLGATE CHARCOAL 120ML,COLGATE CHARCOAL 120ML ,,2025-03-11 07:03:35.407
COLGATE CHARCOAL 120ML,COLGATE CHARCOAL 120ML ,,2025-03-11 07:03:35.407
COLGATE CHARCOAL 120ML,COLGATE CHARCOAL 120ML ,,2025-03-11 07:03:35.407
COLGATE CHARCOAL 120ML,COLGATE CHARCOAL 120ML ,,2025-03-11 07:03:35.407
COLGATE CHARCOAL 120ML,COLGATE CHARCOAL 120ML ,,2025-03-11 07:03:35.407
COLGATE CHARCOAL 120ML,COLGATE CHARCOAL 120ML ,,2025-03-11 07:03:35.407
COLGATE CHARCOAL 120ML,COLGATE CHARCOAL 120ML ,,2025-03-11 07:03:35.407
COLGATE CHARCOAL 120ML,COLGATE CHARCOAL 120ML ,,2025-03-11 07:03:35.407
COLGATE CHARCOAL 120ML,COLGATE CHARCOAL 120ML ,,2025-03-11 07:03:35.407
COLGATE CHARCOAL 120ML,COLGATE CHARCOAL 120ML ,,2025-03-11 07:03:35.407
COLGATE CHARCOAL 120ML,COLGATE CHARCOAL 120ML ,,2025-03-11 07:03:35.407
COLGATE CHARCOAL 120ML,COLGATE CHARCOAL 120ML ,,2025-03-11 07:03:35.407
COLGATE CHARCOAL 120ML,COLGATE CHARCOAL 120ML ,,2025-03-11 07:03:35.407
COLGATE CHARCOAL 120ML,COLGATE CHARCOAL 120ML ,,2025-03-11 07:03:35.407
COLGATE CHARCOAL 120ML,COLGATE CHARCOAL 120ML ,,2025-03-11 07:03:35.407
COLGATE CHARCOAL 120ML,COLGATE CHARCOAL 120ML ,,2025-03-11 07:03:35.407
COLGATE CHARCOAL 120ML,COLGATE CHARCOAL 120ML ,,2025-03-11 07:03:35.407
COLGATE CHARCOAL 120ML,COLGATE CHARCOAL 120ML ,,2025-03-11 07:03:35.407
COLGATE CHARCOAL 120ML,COLGATE CHARCOAL 120ML ,,2025-03-11 07:03:35.407
COLGATE CHARCOAL 120ML,COLGATE CHARCOAL 120ML ,,2025-03-11 07:03:35.407
COLGATE CHARCOAL 120ML,COLGATE CHARCOAL 120ML ,,2025-03-11 07:03:35.407
COLGATE CHARCOAL 120ML,COLGATE CHARCOAL 120ML ,,2025-03-11 07:03:35.407
Keringet 500ml,KERINGET-500 ML,,2025-03-14 08:59:50.833
Keringet 500ml,KERINGET-500 ML,,2025-03-14 08:59:50.833
Keringet 500ml,KERINGET-500 ML,,2025-03-14 08:59:50.833
Keringet 500ml,KERINGET-500 ML,,2025-03-14 08:59:50.833
Keringet 500ml,KERINGET-500 ML,,2025-03-14 08:59:50.833
Keringet 500ml,KERINGET-500 ML,,2025-03-14 08:59:50.833
Keringet 500ml,KERINGET-500 ML,,2025-03-14 08:59:50.833
Keringet 500ml,KERINGET-500 ML,,2025-03-14 08:59:50.833
Keringet 500ml,KERINGET-500 ML,,2025-03-14 08:59:50.833
Keringet 500ml,KERINGET-500 ML,,2025-03-14 08:59:50.833
Keringet 500ml,KERINGET-500 ML,,2025-03-14 08:59:50.833
Keringet 500ml,KERINGET-500 ML,,2025-03-14 08:59:50.833
Keringet 500ml,KERINGET-500 ML,,2025-03-14 08:59:50.833
Keringet 500ml,KERINGET-500 ML,,2025-03-14 08:59:50.833
Keringet 500ml,KERINGET-500 ML,,2025-03-14 08:59:50.833
Keringet 500ml,KERINGET-500 ML,,2025-03-14 08:59:50.833
Keringet 500ml,KERINGET-500 ML,,2025-03-14 08:59:50.833
Keringet 500ml,KERINGET-500 ML,,2025-03-14 08:59:50.833
Keringet 500ml,KERINGET-500 ML,,2025-03-14 08:59:50.833
Keringet 500ml,KERINGET-500 ML,,2025-03-14 08:59:50.833
Keringet 500ml,KERINGET-500 ML,,2025-03-14 08:59:50.833
Keringet 500ml,KERINGET-500 ML,,2025-03-14 08:59:50.833
Savlon antiseptic 125ml,SAVLON ANTISEPTIC 125ML,,2024-08-10 21:21:18.073
Savlon antiseptic 125ml,SAVLON ANTISEPTIC 125ML,,2024-08-10 21:21:18.073
Savlon antiseptic 125ml,SAVLON ANTISEPTIC 125ML,,2024-08-10 21:21:18.073
Savlon antiseptic 125ml,SAVLON ANTISEPTIC 125ML,,2024-08-10 21:21:18.073
Savlon antiseptic 125ml,SAVLON ANTISEPTIC 125ML,,2024-08-10 21:21:18.073
Savlon antiseptic 125ml,SAVLON ANTISEPTIC 125ML,,2024-08-10 21:21:18.073
Savlon antiseptic 125ml,SAVLON ANTISEPTIC 125ML,,2024-08-10 21:21:18.073
Savlon antiseptic 125ml,SAVLON ANTISEPTIC 125ML,,2024-08-10 21:21:18.073
Savlon antiseptic 125ml,SAVLON ANTISEPTIC 125ML,,2024-08-10 21:21:18.073
Savlon antiseptic 125ml,SAVLON ANTISEPTIC 125ML,,2024-08-10 21:21:18.073
Savlon antiseptic 125ml,SAVLON ANTISEPTIC 125ML,,2024-08-10 21:21:18.073
Savlon antiseptic 125ml,SAVLON ANTISEPTIC 125ML,,2024-08-10 21:21:18.073
Savlon antiseptic 125ml,SAVLON ANTISEPTIC 125ML,,2024-08-10 21:21:18.073
Savlon antiseptic 125ml,SAVLON ANTISEPTIC 125ML,,2024-08-10 21:21:18.073
Savlon antiseptic 125ml,SAVLON ANTISEPTIC 125ML,,2024-08-10 21:21:18.073
Savlon antiseptic 125ml,SAVLON ANTISEPTIC 125ML,,2024-08-10 21:21:18.073
Savlon antiseptic 125ml,SAVLON ANTISEPTIC 125ML,,2024-08-10 21:21:18.073
Savlon antiseptic 125ml,SAVLON ANTISEPTIC 125ML,,2024-08-10 21:21:18.073
Savlon antiseptic 125ml,SAVLON ANTISEPTIC 125ML,,2024-08-10 21:21:18.073
Savlon antiseptic 125ml,SAVLON ANTISEPTIC 125ML,,2024-08-10 21:21:18.073
Savlon antiseptic 125ml,SAVLON ANTISEPTIC 125ML,,2024-08-10 21:21:18.073
Savlon antiseptic 125ml,SAVLON ANTISEPTIC 125ML,,2024-08-10 21:21:18.073
Savlon antiseptic 125ml,SAVLON ANTISEPTIC 125ML,,2024-08-10 21:21:18.073
Savlon antiseptic 125ml,SAVLON ANTISEPTIC 125ML,,2024-08-10 21:21:18.073
Savlon antiseptic 125ml,SAVLON ANTISEPTIC 125ML,,2024-08-10 21:21:18.073
Savlon antiseptic 125ml,SAVLON ANTISEPTIC 125ML,,2024-08-10 21:21:18.073
Savlon antiseptic 125ml,SAVLON ANTISEPTIC 125ML,,2024-08-10 21:21:18.073
Savlon antiseptic 125ml,SAVLON ANTISEPTIC 125ML,,2024-08-10 21:21:18.073
Savlon antiseptic 125ml,SAVLON ANTISEPTIC 125ML,,2024-08-10 21:21:18.073
Savlon antiseptic 125ml,SAVLON ANTISEPTIC 125ML,,2024-08-10 21:21:18.073
Savlon antiseptic 125ml,SAVLON ANTISEPTIC 125ML,,2024-08-10 21:21:18.073
Savlon antiseptic 125ml,SAVLON ANTISEPTIC 125ML,,2024-08-10 21:21:18.073
Savlon antiseptic 125ml,SAVLON ANTISEPTIC 125ML,,2024-08-10 21:21:18.073
Savlon antiseptic 125ml,SAVLON ANTISEPTIC 125ML,,2024-08-10 21:21:18.073
Savlon antiseptic 125ml,SAVLON ANTISEPTIC 125ML,,2024-08-10 21:21:18.073
Savlon antiseptic 125ml,SAVLON ANTISEPTIC 125ML,,2024-08-10 21:21:18.073
Savlon antiseptic 125ml,SAVLON ANTISEPTIC 125ML,,2024-08-10 21:21:18.073
Savlon antiseptic 125ml,SAVLON ANTISEPTIC 125ML,,2024-08-10 21:21:18.073
Savlon antiseptic 125ml,SAVLON ANTISEPTIC 125ML,,2024-08-10 21:21:18.073
Savlon antiseptic 125ml,SAVLON ANTISEPTIC 125ML,,2024-08-10 21:21:18.073
Savlon antiseptic 125ml,SAVLON ANTISEPTIC 125ML,,2024-08-10 21:21:18.073
Savlon antiseptic 125ml,SAVLON ANTISEPTIC 125ML,,2024-08-10 21:21:18.073
Savlon antiseptic 125ml,SAVLON ANTISEPTIC 125ML,,2024-08-10 21:21:18.073
Savlon antiseptic 125ml,SAVLON ANTISEPTIC 125ML,,2024-08-10 21:21:18.073
Savlon antiseptic 125ml,SAVLON ANTISEPTIC 125ML,,2024-08-10 21:21:18.073
Savlon antiseptic 125ml,SAVLON ANTISEPTIC 125ML,,2024-08-10 21:21:18.073
Savlon antiseptic 125ml,SAVLON ANTISEPTIC 125ML,,2024-08-10 21:21:18.073
Savlon antiseptic 125ml,SAVLON ANTISEPTIC 125ML,,2024-08-10 21:21:18.073
Savlon antiseptic 125ml,SAVLON ANTISEPTIC 125ML,,2024-08-10 21:21:18.073
Savlon antiseptic 125ml,SAVLON ANTISEPTIC 125ML,,2024-08-10 21:21:18.073
Savlon antiseptic 125ml,SAVLON ANTISEPTIC 125ML,,2024-08-10 21:21:18.073
Savlon antiseptic 125ml,SAVLON ANTISEPTIC 125ML,,2024-08-10 21:21:18.073
Savlon antiseptic 125ml,SAVLON ANTISEPTIC 125ML,,2024-08-10 21:21:18.073
Savlon antiseptic 125ml,SAVLON ANTISEPTIC 125ML,,2024-08-10 21:21:18.073
Savlon antiseptic 125ml,SAVLON ANTISEPTIC 125ML,,2024-08-10 21:21:18.073
Savlon antiseptic 125ml,SAVLON ANTISEPTIC 125ML,,2024-08-10 21:21:18.073
Savlon antiseptic 125ml,SAVLON ANTISEPTIC 125ML,,2024-08-10 21:21:18.073
Savlon antiseptic 125ml,SAVLON ANTISEPTIC 125ML,,2024-08-10 21:21:18.073
Savlon antiseptic 125ml,SAVLON ANTISEPTIC 125ML,,2024-08-10 21:21:18.073
Savlon antiseptic 125ml,SAVLON ANTISEPTIC 125ML,,2024-08-10 21:21:18.073
Savlon antiseptic 125ml,SAVLON ANTISEPTIC 125ML,,2024-08-10 21:21:18.073
Savlon antiseptic 125ml,SAVLON ANTISEPTIC 125ML,,2024-08-10 21:21:18.073
Savlon antiseptic 125ml,SAVLON ANTISEPTIC 125ML,,2024-08-10 21:21:18.073
Savlon antiseptic 125ml,SAVLON ANTISEPTIC 125ML,,2024-08-10 21:21:18.073
Savlon antiseptic 125ml,SAVLON ANTISEPTIC 125ML,,2024-08-10 21:21:18.073
Savlon antiseptic 125ml,SAVLON ANTISEPTIC 125ML,,2024-08-10 21:21:18.073
Savlon antiseptic 125ml,SAVLON ANTISEPTIC 125ML,,2024-08-10 21:21:18.073
Savlon antiseptic 125ml,SAVLON ANTISEPTIC 125ML,,2024-08-10 21:21:18.073
Savlon antiseptic 125ml,SAVLON ANTISEPTIC 125ML,,2024-08-10 21:21:18.073
Savlon antiseptic 125ml,SAVLON ANTISEPTIC 125ML,,2024-08-10 21:21:18.073
Savlon antiseptic 125ml,SAVLON ANTISEPTIC 125ML,,2024-08-10 21:21:18.073
Savlon antiseptic 125ml,SAVLON ANTISEPTIC 125ML,,2024-08-10 21:21:18.073
Savlon antiseptic 125ml,SAVLON ANTISEPTIC 125ML,,2024-08-10 21:21:18.073
Savlon antiseptic 125ml,SAVLON ANTISEPTIC 125ML,,2024-08-10 21:21:18.073
Savlon antiseptic 125ml,SAVLON ANTISEPTIC 125ML,,2024-08-10 21:21:18.073
Savlon antiseptic 125ml,SAVLON ANTISEPTIC 125ML,,2024-08-10 21:21:18.073
Savlon antiseptic 125ml,SAVLON ANTISEPTIC 125ML,,2024-08-10 21:21:18.073
Savlon antiseptic 125ml,SAVLON ANTISEPTIC 125ML,,2024-08-10 21:21:18.073
Savlon antiseptic 125ml,SAVLON ANTISEPTIC 125ML,,2024-08-10 21:21:18.073
Savlon antiseptic 125ml,SAVLON ANTISEPTIC 125ML,,2024-08-10 21:21:18.073
Savlon antiseptic 125ml,SAVLON ANTISEPTIC 125ML,,2024-08-10 21:21:18.073
Savlon antiseptic 125ml,SAVLON ANTISEPTIC 125ML,,2024-08-10 21:21:18.073
Savlon antiseptic 125ml,SAVLON ANTISEPTIC 125ML,,2024-08-10 21:21:18.073
Savlon antiseptic 125ml,SAVLON ANTISEPTIC 125ML,,2024-08-10 21:21:18.073
Savlon antiseptic 125ml,SAVLON ANTISEPTIC 125ML,,2024-08-10 21:21:18.073
Savlon antiseptic 125ml,SAVLON ANTISEPTIC 125ML,,2024-08-10 21:21:18.073
Savlon antiseptic 125ml,SAVLON ANTISEPTIC 125ML,,2024-08-10 21:21:18.073
Savlon antiseptic 125ml,SAVLON ANTISEPTIC 125ML,,2024-08-10 21:21:18.073
Savlon antiseptic 125ml,SAVLON ANTISEPTIC 125ML,,2024-08-10 21:21:18.073
Savlon antiseptic 125ml,SAVLON ANTISEPTIC 125ML,,2024-08-10 21:21:18.073
Savlon antiseptic 125ml,SAVLON ANTISEPTIC 125ML,,2024-08-10 21:21:18.073
Savlon antiseptic 125ml,SAVLON ANTISEPTIC 125ML,,2024-08-10 21:21:18.073
Savlon antiseptic 125ml,SAVLON ANTISEPTIC 125ML,,2024-08-10 21:21:18.073
Savlon antiseptic 125ml,SAVLON ANTISEPTIC 125ML,,2024-08-10 21:21:18.073
Savlon antiseptic 125ml,SAVLON ANTISEPTIC 125ML,,2024-08-10 21:21:18.073
Savlon antiseptic 125ml,SAVLON ANTISEPTIC 125ML,,2024-08-10 21:21:18.073
Savlon antiseptic 125ml,SAVLON ANTISEPTIC 125ML,,2024-08-10 21:21:18.073
Savlon antiseptic 125ml,SAVLON ANTISEPTIC 125ML,,2024-08-10 21:21:18.073
Savlon antiseptic 125ml,SAVLON ANTISEPTIC 125ML,,2024-08-10 21:21:18.073
Savlon antiseptic 125ml,SAVLON ANTISEPTIC 125ML,,2024-08-10 21:21:18.073
Savlon antiseptic 125ml,SAVLON ANTISEPTIC 125ML,,2024-08-10 21:21:18.073
Savlon antiseptic 125ml,SAVLON ANTISEPTIC 125ML,,2024-08-10 21:21:18.073
Savlon antiseptic 125ml,SAVLON ANTISEPTIC 125ML,,2024-08-10 21:21:18.073
Savlon antiseptic 125ml,SAVLON ANTISEPTIC 125ML,,2024-08-10 21:21:18.073
Savlon antiseptic 125ml,SAVLON ANTISEPTIC 125ML,,2024-08-10 21:21:18.073
Savlon antiseptic 125ml,SAVLON ANTISEPTIC 125ML,,2024-08-10 21:21:18.073
Savlon antiseptic 125ml,SAVLON ANTISEPTIC 125ML,,2024-08-10 21:21:18.073
Savlon antiseptic 125ml,SAVLON ANTISEPTIC 125ML,,2024-08-10 21:21:18.073
Savlon antiseptic 125ml,SAVLON ANTISEPTIC 125ML,,2024-08-10 21:21:18.073
Savlon antiseptic 125ml,SAVLON ANTISEPTIC 125ML,,2024-08-10 21:21:18.073
Savlon antiseptic 125ml,SAVLON ANTISEPTIC 125ML,,2024-08-10 21:21:18.073
Savlon antiseptic 125ml,SAVLON ANTISEPTIC 125ML,,2024-08-10 21:21:18.073
Savlon antiseptic 125ml,SAVLON ANTISEPTIC 125ML,,2024-08-10 21:21:18.073
Savlon antiseptic 125ml,SAVLON ANTISEPTIC 125ML,,2024-08-10 21:21:18.073
Savlon antiseptic 125ml,SAVLON ANTISEPTIC 125ML,,2024-08-10 21:21:18.073
Savlon antiseptic 125ml,SAVLON ANTISEPTIC 125ML,,2024-08-10 21:21:18.073
Savlon antiseptic 125ml,SAVLON ANTISEPTIC 125ML,,2024-08-10 21:21:18.073
Savlon antiseptic 125ml,SAVLON ANTISEPTIC 125ML,,2024-08-10 21:21:18.073
Savlon antiseptic 125ml,SAVLON ANTISEPTIC 125ML,,2024-08-10 21:21:18.073
Savlon antiseptic 125ml,SAVLON ANTISEPTIC 125ML,,2024-08-10 21:21:18.073
Savlon antiseptic 125ml,SAVLON ANTISEPTIC 125ML,,2024-08-10 21:21:18.073
Savlon antiseptic 125ml,SAVLON ANTISEPTIC 125ML,,2024-08-10 21:21:18.073
Savlon antiseptic 125ml,SAVLON ANTISEPTIC 125ML,,2024-08-10 21:21:18.073
Savlon antiseptic 125ml,SAVLON ANTISEPTIC 125ML,,2024-08-10 21:21:18.073
Savlon antiseptic 125ml,SAVLON ANTISEPTIC 125ML,,2024-08-10 21:21:18.073
Savlon antiseptic 125ml,SAVLON ANTISEPTIC 125ML,,2024-08-10 21:21:18.073
Savlon antiseptic 125ml,SAVLON ANTISEPTIC 125ML,,2024-08-10 21:21:18.073
Savlon antiseptic 125ml,SAVLON ANTISEPTIC 125ML,,2024-08-10 21:21:18.073
Savlon antiseptic 125ml,SAVLON ANTISEPTIC 125ML,,2024-08-10 21:21:18.073
Savlon antiseptic 125ml,SAVLON ANTISEPTIC 125ML,,2024-08-10 21:21:18.073
Savlon antiseptic 125ml,SAVLON ANTISEPTIC 125ML,,2024-08-10 21:21:18.073
Savlon antiseptic 125ml,SAVLON ANTISEPTIC 125ML,,2024-08-10 21:21:18.073
Savlon antiseptic 125ml,SAVLON ANTISEPTIC 125ML,,2024-08-10 21:21:18.073
Savlon antiseptic 125ml,SAVLON ANTISEPTIC 125ML,,2024-08-10 21:21:18.073
Savlon antiseptic 125ml,SAVLON ANTISEPTIC 125ML,,2024-08-10 21:21:18.073
Savlon antiseptic 125ml,SAVLON ANTISEPTIC 125ML,,2024-08-10 21:21:18.073
Savlon antiseptic 125ml,SAVLON ANTISEPTIC 125ML,,2024-08-10 21:21:18.073
Savlon antiseptic 125ml,SAVLON ANTISEPTIC 125ML,,2024-08-10 21:21:18.073
Savlon antiseptic 125ml,SAVLON ANTISEPTIC 125ML,,2024-08-10 21:21:18.073
Savlon antiseptic 125ml,SAVLON ANTISEPTIC 125ML,,2024-08-10 21:21:18.073
Savlon antiseptic 125ml,SAVLON ANTISEPTIC 125ML,,2024-08-10 21:21:18.073
Savlon antiseptic 125ml,SAVLON ANTISEPTIC 125ML,,2024-08-10 21:21:18.073
Savlon antiseptic 125ml,SAVLON ANTISEPTIC 125ML,,2024-08-10 21:21:18.073
Savlon antiseptic 125ml,SAVLON ANTISEPTIC 125ML,,2024-08-10 21:21:18.073
Savlon antiseptic 125ml,SAVLON ANTISEPTIC 125ML,,2024-08-10 21:21:18.073
Savlon antiseptic 125ml,SAVLON ANTISEPTIC 125ML,,2024-08-10 21:21:18.073
Savlon antiseptic 125ml,SAVLON ANTISEPTIC 125ML,,2024-08-10 21:21:18.073
Savlon antiseptic 125ml,SAVLON ANTISEPTIC 125ML,,2024-08-10 21:21:18.073
Savlon antiseptic 125ml,SAVLON ANTISEPTIC 125ML,,2024-08-10 21:21:18.073
Savlon antiseptic 125ml,SAVLON ANTISEPTIC 125ML,,2024-08-10 21:21:18.073
Savlon antiseptic 125ml,SAVLON ANTISEPTIC 125ML,,2024-08-10 21:21:18.073
Savlon antiseptic 125ml,SAVLON ANTISEPTIC 125ML,,2024-08-10 21:21:18.073
Savlon antiseptic 125ml,SAVLON ANTISEPTIC 125ML,,2024-08-10 21:21:18.073
Savlon antiseptic 125ml,SAVLON ANTISEPTIC 125ML,,2024-08-10 21:21:18.073
Savlon antiseptic 125ml,SAVLON ANTISEPTIC 125ML,,2024-08-10 21:21:18.073
Savlon antiseptic 125ml,SAVLON ANTISEPTIC 125ML,,2024-08-10 21:21:18.073
Savlon antiseptic 125ml,SAVLON ANTISEPTIC 125ML,,2024-08-10 21:21:18.073
Savlon antiseptic 125ml,SAVLON ANTISEPTIC 125ML,,2024-08-10 21:21:18.073
Savlon antiseptic 125ml,SAVLON ANTISEPTIC 125ML,,2024-08-10 21:21:18.073
Savlon antiseptic 125ml,SAVLON ANTISEPTIC 125ML,,2024-08-10 21:21:18.073
Savlon antiseptic 125ml,SAVLON ANTISEPTIC 125ML,,2024-08-10 21:21:18.073
Savlon antiseptic 125ml,SAVLON ANTISEPTIC 125ML,,2024-08-10 21:21:18.073
Savlon antiseptic 125ml,SAVLON ANTISEPTIC 125ML,,2024-08-10 21:21:18.073
Savlon antiseptic 125ml,SAVLON ANTISEPTIC 125ML,,2024-08-10 21:21:18.073
Savlon antiseptic 125ml,SAVLON ANTISEPTIC 125ML,,2024-08-10 21:21:18.073
Savlon antiseptic 125ml,SAVLON ANTISEPTIC 125ML,,2024-08-10 21:21:18.073
Savlon antiseptic 125ml,SAVLON ANTISEPTIC 125ML,,2024-08-10 21:21:18.073
Savlon antiseptic 125ml,SAVLON ANTISEPTIC 125ML,,2024-08-10 21:21:18.073
Savlon antiseptic 125ml,SAVLON ANTISEPTIC 125ML,,2024-08-10 21:21:18.073
Savlon antiseptic 125ml,SAVLON ANTISEPTIC 125ML,,2024-08-10 21:21:18.073
Savlon antiseptic 125ml,SAVLON ANTISEPTIC 125ML,,2024-08-10 21:21:18.073
Savlon antiseptic 125ml,SAVLON ANTISEPTIC 125ML,,2024-08-10 21:21:18.073
Savlon antiseptic 125ml,SAVLON ANTISEPTIC 125ML,,2024-08-10 21:21:18.073
Savlon antiseptic 125ml,SAVLON ANTISEPTIC 125ML,,2024-08-10 21:21:18.073
Savlon antiseptic 125ml,SAVLON ANTISEPTIC 125ML,,2024-08-10 21:21:18.073
Savlon antiseptic 125ml,SAVLON ANTISEPTIC 125ML,,2024-08-10 21:21:18.073
Savlon antiseptic 125ml,SAVLON ANTISEPTIC 125ML,,2024-08-10 21:21:18.073
Savlon antiseptic 125ml,SAVLON ANTISEPTIC 125ML,,2024-08-10 21:21:18.073
Savlon antiseptic 125ml,SAVLON ANTISEPTIC 125ML,,2024-08-10 21:21:18.073
Savlon antiseptic 125ml,SAVLON ANTISEPTIC 125ML,,2024-08-10 21:21:18.073
Savlon antiseptic 125ml,SAVLON ANTISEPTIC 125ML,,2024-08-10 21:21:18.073
Savlon antiseptic 125ml,SAVLON ANTISEPTIC 125ML,,2024-08-10 21:21:18.073
Savlon antiseptic 125ml,SAVLON ANTISEPTIC 125ML,,2024-08-10 21:21:18.073
Savlon antiseptic 125ml,SAVLON ANTISEPTIC 125ML,,2024-08-10 21:21:18.073
Savlon antiseptic 125ml,SAVLON ANTISEPTIC 125ML,,2024-08-10 21:21:18.073
Savlon antiseptic 125ml,SAVLON ANTISEPTIC 125ML,,2024-08-10 21:21:18.073
Savlon antiseptic 125ml,SAVLON ANTISEPTIC 125ML,,2024-08-10 21:21:18.073
Savlon antiseptic 125ml,SAVLON ANTISEPTIC 125ML,,2024-08-10 21:21:18.073
Savlon antiseptic 125ml,SAVLON ANTISEPTIC 125ML,,2024-08-10 21:21:18.073
Savlon antiseptic 125ml,SAVLON ANTISEPTIC 125ML,,2024-08-10 21:21:18.073
Savlon antiseptic 125ml,SAVLON ANTISEPTIC 125ML,,2024-08-10 21:21:18.073
Savlon antiseptic 125ml,SAVLON ANTISEPTIC 125ML,,2024-08-10 21:21:18.073
Savlon antiseptic 125ml,SAVLON ANTISEPTIC 125ML,,2024-08-10 21:21:18.073
Savlon antiseptic 125ml,SAVLON ANTISEPTIC 125ML,,2024-08-10 21:21:18.073
Savlon antiseptic 125ml,SAVLON ANTISEPTIC 125ML,,2024-08-10 21:21:18.073
Savlon antiseptic 125ml,SAVLON ANTISEPTIC 125ML,,2024-08-10 21:21:18.073
Savlon antiseptic 125ml,SAVLON ANTISEPTIC 125ML,,2024-08-10 21:21:18.073
Savlon antiseptic 125ml,SAVLON ANTISEPTIC 125ML,,2024-08-10 21:21:18.073
Savlon antiseptic 125ml,SAVLON ANTISEPTIC 125ML,,2024-08-10 21:21:18.073
Savlon antiseptic 125ml,SAVLON ANTISEPTIC 125ML,,2024-08-10 21:21:18.073
Savlon antiseptic 125ml,SAVLON ANTISEPTIC 125ML,,2024-08-10 21:21:18.073
Savlon antiseptic 125ml,SAVLON ANTISEPTIC 125ML,,2024-08-10 21:21:18.073
Savlon antiseptic 125ml,SAVLON ANTISEPTIC 125ML,,2024-08-10 21:21:18.073
Savlon antiseptic 125ml,SAVLON ANTISEPTIC 125ML,,2024-08-10 21:21:18.073
Savlon antiseptic 125ml,SAVLON ANTISEPTIC 125ML,,2024-08-10 21:21:18.073
Savlon antiseptic 125ml,SAVLON ANTISEPTIC 125ML,,2024-08-10 21:21:18.073
Savlon antiseptic 125ml,SAVLON ANTISEPTIC 125ML,,2024-08-10 21:21:18.073
Savlon antiseptic 125ml,SAVLON ANTISEPTIC 125ML,,2024-08-10 21:21:18.073
Savlon antiseptic 125ml,SAVLON ANTISEPTIC 125ML,,2024-08-10 21:21:18.073
Savlon antiseptic 125ml,SAVLON ANTISEPTIC 125ML,,2024-08-10 21:21:18.073
Savlon antiseptic 125ml,SAVLON ANTISEPTIC 125ML,,2024-08-10 21:21:18.073
Savlon antiseptic 125ml,SAVLON ANTISEPTIC 125ML,,2024-08-10 21:21:18.073
Savlon antiseptic 125ml,SAVLON ANTISEPTIC 125ML,,2024-08-10 21:21:18.073
Savlon antiseptic 125ml,SAVLON ANTISEPTIC 125ML,,2024-08-10 21:21:18.073
Savlon antiseptic 125ml,SAVLON ANTISEPTIC 125ML,,2024-08-10 21:21:18.073
Savlon antiseptic 125ml,SAVLON ANTISEPTIC 125ML,,2024-08-10 21:21:18.073
Savlon antiseptic 125ml,SAVLON ANTISEPTIC 125ML,,2024-08-10 21:21:18.073
Savlon antiseptic 125ml,SAVLON ANTISEPTIC 125ML,,2024-08-10 21:21:18.073
Savlon antiseptic 125ml,SAVLON ANTISEPTIC 125ML,,2024-08-10 21:21:18.073
Savlon antiseptic 125ml,SAVLON ANTISEPTIC 125ML,,2024-08-10 21:21:18.073
Savlon antiseptic 125ml,SAVLON ANTISEPTIC 125ML,,2024-08-10 21:21:18.073
Savlon antiseptic 125ml,SAVLON ANTISEPTIC 125ML,,2024-08-10 21:21:18.073
Savlon antiseptic 125ml,SAVLON ANTISEPTIC 125ML,,2024-08-10 21:21:18.073
Savlon antiseptic 125ml,SAVLON ANTISEPTIC 125ML,,2024-08-10 21:21:18.073
Savlon antiseptic 125ml,SAVLON ANTISEPTIC 125ML,,2024-08-10 21:21:18.073
Savlon antiseptic 125ml,SAVLON ANTISEPTIC 125ML,,2024-08-10 21:21:18.073
Savlon antiseptic 125ml,SAVLON ANTISEPTIC 125ML,,2024-08-10 21:21:18.073
Savlon antiseptic 125ml,SAVLON ANTISEPTIC 125ML,,2024-08-10 21:21:18.073
Savlon antiseptic 125ml,SAVLON ANTISEPTIC 125ML,,2024-08-10 21:21:18.073
Savlon antiseptic 125ml,SAVLON ANTISEPTIC 125ML,,2024-08-10 21:21:18.073
Savlon antiseptic 125ml,SAVLON ANTISEPTIC 125ML,,2024-08-10 21:21:18.073
Savlon antiseptic 125ml,SAVLON ANTISEPTIC 125ML,,2024-08-10 21:21:18.073
Savlon antiseptic 125ml,SAVLON ANTISEPTIC 125ML,,2024-08-10 21:21:18.073
Savlon antiseptic 125ml,SAVLON ANTISEPTIC 125ML,,2024-08-10 21:21:18.073
Savlon antiseptic 125ml,SAVLON ANTISEPTIC 125ML,,2024-08-10 21:21:18.073
Savlon antiseptic 125ml,SAVLON ANTISEPTIC 125ML,,2024-08-10 21:21:18.073
Savlon antiseptic 125ml,SAVLON ANTISEPTIC 125ML,,2024-08-10 21:21:18.073
Savlon antiseptic 125ml,SAVLON ANTISEPTIC 125ML,,2024-08-10 21:21:18.073
Savlon antiseptic 125ml,SAVLON ANTISEPTIC 125ML,,2024-08-10 21:21:18.073
Savlon antiseptic 125ml,SAVLON ANTISEPTIC 125ML,,2024-08-10 21:21:18.073
Savlon antiseptic 125ml,SAVLON ANTISEPTIC 125ML,,2024-08-10 21:21:18.073
Savlon antiseptic 125ml,SAVLON ANTISEPTIC 125ML,,2024-08-10 21:21:18.073
Savlon antiseptic 125ml,SAVLON ANTISEPTIC 125ML,,2024-08-10 21:21:18.073
Savlon antiseptic 125ml,SAVLON ANTISEPTIC 125ML,,2024-08-10 21:21:18.073
Savlon antiseptic 125ml,SAVLON ANTISEPTIC 125ML,,2024-08-10 21:21:18.073
Savlon antiseptic 125ml,SAVLON ANTISEPTIC 125ML,,2024-08-10 21:21:18.073
Savlon antiseptic 125ml,SAVLON ANTISEPTIC 125ML,,2024-08-10 21:21:18.073
Savlon antiseptic 125ml,SAVLON ANTISEPTIC 125ML,,2024-08-10 21:21:18.073
Savlon antiseptic 125ml,SAVLON ANTISEPTIC 125ML,,2024-08-10 21:21:18.073
Savlon antiseptic 125ml,SAVLON ANTISEPTIC 125ML,,2024-08-10 21:21:18.073
Savlon antiseptic 125ml,SAVLON ANTISEPTIC 125ML,,2024-08-10 21:21:18.073
Savlon antiseptic 125ml,SAVLON ANTISEPTIC 125ML,,2024-08-10 21:21:18.073
Savlon antiseptic 125ml,SAVLON ANTISEPTIC 125ML,,2024-08-10 21:21:18.073
Savlon antiseptic 125ml,SAVLON ANTISEPTIC 125ML,,2024-08-10 21:21:18.073
Savlon antiseptic 125ml,SAVLON ANTISEPTIC 125ML,,2024-08-10 21:21:18.073
Savlon antiseptic 125ml,SAVLON ANTISEPTIC 125ML,,2024-08-10 21:21:18.073
Savlon antiseptic 125ml,SAVLON ANTISEPTIC 125ML,,2024-08-10 21:21:18.073
Savlon antiseptic 125ml,SAVLON ANTISEPTIC 125ML,,2024-08-10 21:21:18.073
Savlon antiseptic 125ml,SAVLON ANTISEPTIC 125ML,,2024-08-10 21:21:18.073
Savlon antiseptic 125ml,SAVLON ANTISEPTIC 125ML,,2024-08-10 21:21:18.073
Savlon antiseptic 125ml,SAVLON ANTISEPTIC 125ML,,2024-08-10 21:21:18.073
Savlon antiseptic 125ml,SAVLON ANTISEPTIC 125ML,,2024-08-10 21:21:18.073
Savlon antiseptic 125ml,SAVLON ANTISEPTIC 125ML,,2024-08-10 21:21:18.073
Savlon antiseptic 125ml,SAVLON ANTISEPTIC 125ML,,2024-08-10 21:21:18.073
Savlon antiseptic 125ml,SAVLON ANTISEPTIC 125ML,,2024-08-10 21:21:18.073
Savlon antiseptic 125ml,SAVLON ANTISEPTIC 125ML,,2024-08-10 21:21:18.073
Savlon antiseptic 125ml,SAVLON ANTISEPTIC 125ML,,2024-08-10 21:21:18.073
Savlon antiseptic 125ml,SAVLON ANTISEPTIC 125ML,,2024-08-10 21:21:18.073
Savlon antiseptic 125ml,SAVLON ANTISEPTIC 125ML,,2024-08-10 21:21:18.073
Savlon antiseptic 125ml,SAVLON ANTISEPTIC 125ML,,2024-08-10 21:21:18.073
Savlon antiseptic 125ml,SAVLON ANTISEPTIC 125ML,,2024-08-10 21:21:18.073
Savlon antiseptic 125ml,SAVLON ANTISEPTIC 125ML,,2024-08-10 21:21:18.073
Savlon antiseptic 125ml,SAVLON ANTISEPTIC 125ML,,2024-08-10 21:21:18.073
Savlon antiseptic 125ml,SAVLON ANTISEPTIC 125ML,,2024-08-10 21:21:18.073
Savlon antiseptic 125ml,SAVLON ANTISEPTIC 125ML,,2024-08-10 21:21:18.073
Savlon antiseptic 125ml,SAVLON ANTISEPTIC 125ML,,2024-08-10 21:21:18.073
Savlon antiseptic 125ml,SAVLON ANTISEPTIC 125ML,,2024-08-10 21:21:18.073
Savlon antiseptic 125ml,SAVLON ANTISEPTIC 125ML,,2024-08-10 21:21:18.073
Savlon antiseptic 125ml,SAVLON ANTISEPTIC 125ML,,2024-08-10 21:21:18.073
Savlon antiseptic 125ml,SAVLON ANTISEPTIC 125ML,,2024-08-10 21:21:18.073
Savlon antiseptic 125ml,SAVLON ANTISEPTIC 125ML,,2024-08-10 21:21:18.073
Savlon antiseptic 125ml,SAVLON ANTISEPTIC 125ML,,2024-08-10 21:21:18.073
Savlon antiseptic 125ml,SAVLON ANTISEPTIC 125ML,,2024-08-10 21:21:18.073
Savlon antiseptic 125ml,SAVLON ANTISEPTIC 125ML,,2024-08-10 21:21:18.073
Savlon antiseptic 125ml,SAVLON ANTISEPTIC 125ML,,2024-08-10 21:21:18.073
Savlon antiseptic 125ml,SAVLON ANTISEPTIC 125ML,,2024-08-10 21:21:18.073
Savlon antiseptic 125ml,SAVLON ANTISEPTIC 125ML,,2024-08-10 21:21:18.073
Savlon antiseptic 125ml,SAVLON ANTISEPTIC 125ML,,2024-08-10 21:21:18.073
Savlon antiseptic 125ml,SAVLON ANTISEPTIC 125ML,,2024-08-10 21:21:18.073
Savlon antiseptic 125ml,SAVLON ANTISEPTIC 125ML,,2024-08-10 21:21:18.073
Savlon antiseptic 125ml,SAVLON ANTISEPTIC 125ML,,2024-08-10 21:21:18.073
Savlon antiseptic 125ml,SAVLON ANTISEPTIC 125ML,,2024-08-10 21:21:18.073
Savlon antiseptic 125ml,SAVLON ANTISEPTIC 125ML,,2024-08-10 21:21:18.073
Savlon antiseptic 125ml,SAVLON ANTISEPTIC 125ML,,2024-08-10 21:21:18.073
Savlon antiseptic 125ml,SAVLON ANTISEPTIC 125ML,,2024-08-10 21:21:18.073
Savlon antiseptic 125ml,SAVLON ANTISEPTIC 125ML,,2024-08-10 21:21:18.073
Savlon antiseptic 125ml,SAVLON ANTISEPTIC 125ML,,2024-08-10 21:21:18.073
Savlon antiseptic 125ml,SAVLON ANTISEPTIC 125ML,,2024-08-10 21:21:18.073
Savlon antiseptic 125ml,SAVLON ANTISEPTIC 125ML,,2024-08-10 21:21:18.073
Savlon antiseptic 125ml,SAVLON ANTISEPTIC 125ML,,2024-08-10 21:21:18.073
Savlon antiseptic 125ml,SAVLON ANTISEPTIC 125ML,,2024-08-10 21:21:18.073
Savlon antiseptic 125ml,SAVLON ANTISEPTIC 125ML,,2024-08-10 21:21:18.073
Savlon antiseptic 125ml,SAVLON ANTISEPTIC 125ML,,2024-08-10 21:21:18.073
Savlon antiseptic 125ml,SAVLON ANTISEPTIC 125ML,,2024-08-10 21:21:18.073
Savlon antiseptic 125ml,SAVLON ANTISEPTIC 125ML,,2024-08-10 21:21:18.073
Savlon antiseptic 125ml,SAVLON ANTISEPTIC 125ML,,2024-08-10 21:21:18.073
Savlon antiseptic 125ml,SAVLON ANTISEPTIC 125ML,,2024-08-10 21:21:18.073
Savlon antiseptic 125ml,SAVLON ANTISEPTIC 125ML,,2024-08-10 21:21:18.073
Savlon antiseptic 125ml,SAVLON ANTISEPTIC 125ML,,2024-08-10 21:21:18.073
Savlon antiseptic 125ml,SAVLON ANTISEPTIC 125ML,,2024-08-10 21:21:18.073
Savlon antiseptic 125ml,SAVLON ANTISEPTIC 125ML,,2024-08-10 21:21:18.073
Savlon antiseptic 125ml,SAVLON ANTISEPTIC 125ML,,2024-08-10 21:21:18.073
Savlon antiseptic 125ml,SAVLON ANTISEPTIC 125ML,,2024-08-10 21:21:18.073
Savlon antiseptic 125ml,SAVLON ANTISEPTIC 125ML,,2024-08-10 21:21:18.073
Savlon antiseptic 125ml,SAVLON ANTISEPTIC 125ML,,2024-08-10 21:21:18.073
Savlon antiseptic 125ml,SAVLON ANTISEPTIC 125ML,,2024-08-10 21:21:18.073
Savlon antiseptic 125ml,SAVLON ANTISEPTIC 125ML,,2024-08-10 21:21:18.073
Savlon antiseptic 125ml,SAVLON ANTISEPTIC 125ML,,2024-08-10 21:21:18.073
Savlon antiseptic 125ml,SAVLON ANTISEPTIC 125ML,,2024-08-10 21:21:18.073
Savlon antiseptic 125ml,SAVLON ANTISEPTIC 125ML,,2024-08-10 21:21:18.073
Savlon antiseptic 125ml,SAVLON ANTISEPTIC 125ML,,2024-08-10 21:21:18.073
Savlon antiseptic 125ml,SAVLON ANTISEPTIC 125ML,,2024-08-10 21:21:18.073
Savlon antiseptic 125ml,SAVLON ANTISEPTIC 125ML,,2024-08-10 21:21:18.073
Savlon antiseptic 125ml,SAVLON ANTISEPTIC 125ML,,2024-08-10 21:21:18.073
Savlon antiseptic 125ml,SAVLON ANTISEPTIC 125ML,,2024-08-10 21:21:18.073
Savlon antiseptic 125ml,SAVLON ANTISEPTIC 125ML,,2024-08-10 21:21:18.073
Savlon antiseptic 125ml,SAVLON ANTISEPTIC 125ML,,2024-08-10 21:21:18.073
Savlon antiseptic 125ml,SAVLON ANTISEPTIC 125ML,,2024-08-10 21:21:18.073
Savlon antiseptic 125ml,SAVLON ANTISEPTIC 125ML,,2024-08-10 21:21:18.073
Savlon antiseptic 125ml,SAVLON ANTISEPTIC 125ML,,2024-08-10 21:21:18.073
Savlon antiseptic 125ml,SAVLON ANTISEPTIC 125ML,,2024-08-10 21:21:18.073
Savlon antiseptic 125ml,SAVLON ANTISEPTIC 125ML,,2024-08-10 21:21:18.073
Savlon antiseptic 125ml,SAVLON ANTISEPTIC 125ML,,2024-08-10 21:21:18.073
Savlon antiseptic 125ml,SAVLON ANTISEPTIC 125ML,,2024-08-10 21:21:18.073
Savlon antiseptic 125ml,SAVLON ANTISEPTIC 125ML,,2024-08-10 21:21:18.073
Savlon antiseptic 125ml,SAVLON ANTISEPTIC 125ML,,2024-08-10 21:21:18.073
Savlon antiseptic 125ml,SAVLON ANTISEPTIC 125ML,,2024-08-10 21:21:18.073
Savlon antiseptic 125ml,SAVLON ANTISEPTIC 125ML,,2024-08-10 21:21:18.073
Savlon antiseptic 125ml,SAVLON ANTISEPTIC 125ML,,2024-08-10 21:21:18.073
Savlon antiseptic 125ml,SAVLON ANTISEPTIC 125ML,,2024-08-10 21:21:18.073
Savlon antiseptic 125ml,SAVLON ANTISEPTIC 125ML,,2024-08-10 21:21:18.073
Savlon antiseptic 125ml,SAVLON ANTISEPTIC 125ML,,2024-08-10 21:21:18.073
Savlon antiseptic 125ml,SAVLON ANTISEPTIC 125ML,,2024-08-10 21:21:18.073
Savlon antiseptic 125ml,SAVLON ANTISEPTIC 125ML,,2024-08-10 21:21:18.073
Savlon antiseptic 125ml,SAVLON ANTISEPTIC 125ML,,2024-08-10 21:21:18.073
Savlon antiseptic 125ml,SAVLON ANTISEPTIC 125ML,,2024-08-10 21:21:18.073
Savlon antiseptic 125ml,SAVLON ANTISEPTIC 125ML,,2024-08-10 21:21:18.073
Savlon antiseptic 125ml,SAVLON ANTISEPTIC 125ML,,2024-08-10 21:21:18.073
Savlon antiseptic 125ml,SAVLON ANTISEPTIC 125ML,,2024-08-10 21:21:18.073
Savlon antiseptic 125ml,SAVLON ANTISEPTIC 125ML,,2024-08-10 21:21:18.073
Savlon antiseptic 125ml,SAVLON ANTISEPTIC 125ML,,2024-08-10 21:21:18.073
Savlon antiseptic 125ml,SAVLON ANTISEPTIC 125ML,,2024-08-10 21:21:18.073
Savlon antiseptic 125ml,SAVLON ANTISEPTIC 125ML,,2024-08-10 21:21:18.073
Savlon antiseptic 125ml,SAVLON ANTISEPTIC 125ML,,2024-08-10 21:21:18.073
Savlon antiseptic 125ml,SAVLON ANTISEPTIC 125ML,,2024-08-10 21:21:18.073
Savlon antiseptic 125ml,SAVLON ANTISEPTIC 125ML,,2024-08-10 21:21:18.073
Savlon antiseptic 125ml,SAVLON ANTISEPTIC 125ML,,2024-08-10 21:21:18.073
Savlon antiseptic 125ml,SAVLON ANTISEPTIC 125ML,,2024-08-10 21:21:18.073
Savlon antiseptic 125ml,SAVLON ANTISEPTIC 125ML,,2024-08-10 21:21:18.073
Savlon antiseptic 125ml,SAVLON ANTISEPTIC 125ML,,2024-08-10 21:21:18.073
Savlon antiseptic 125ml,SAVLON ANTISEPTIC 125ML,,2024-08-10 21:21:18.073
Savlon antiseptic 125ml,SAVLON ANTISEPTIC 125ML,,2024-08-10 21:21:18.073
Savlon antiseptic 125ml,SAVLON ANTISEPTIC 125ML,,2024-08-10 21:21:18.073
Savlon antiseptic 125ml,SAVLON ANTISEPTIC 125ML,,2024-08-10 21:21:18.073
Savlon antiseptic 125ml,SAVLON ANTISEPTIC 125ML,,2024-08-10 21:21:18.073
Savlon antiseptic 125ml,SAVLON ANTISEPTIC 125ML,,2024-08-10 21:21:18.073
Savlon antiseptic 125ml,SAVLON ANTISEPTIC 125ML,,2024-08-10 21:21:18.073
Savlon antiseptic 125ml,SAVLON ANTISEPTIC 125ML,,2024-08-10 21:21:18.073
Savlon antiseptic 125ml,SAVLON ANTISEPTIC 125ML,,2024-08-10 21:21:18.073
Savlon antiseptic 125ml,SAVLON ANTISEPTIC 125ML,,2024-08-10 21:21:18.073
Savlon antiseptic 125ml,SAVLON ANTISEPTIC 125ML,,2024-08-10 21:21:18.073
Savlon antiseptic 125ml,SAVLON ANTISEPTIC 125ML,,2024-08-10 21:21:18.073
Savlon antiseptic 125ml,SAVLON ANTISEPTIC 125ML,,2024-08-10 21:21:18.073
Savlon antiseptic 125ml,SAVLON ANTISEPTIC 125ML,,2024-08-10 21:21:18.073
Savlon antiseptic 125ml,SAVLON ANTISEPTIC 125ML,,2024-08-10 21:21:18.073
Savlon antiseptic 125ml,SAVLON ANTISEPTIC 125ML,,2024-08-10 21:21:18.073
Savlon antiseptic 125ml,SAVLON ANTISEPTIC 125ML,,2024-08-10 21:21:18.073
Savlon antiseptic 125ml,SAVLON ANTISEPTIC 125ML,,2024-08-10 21:21:18.073
Savlon antiseptic 125ml,SAVLON ANTISEPTIC 125ML,,2024-08-10 21:21:18.073
Savlon antiseptic 125ml,SAVLON ANTISEPTIC 125ML,,2024-08-10 21:21:18.073
Savlon antiseptic 125ml,SAVLON ANTISEPTIC 125ML,,2024-08-10 21:21:18.073
Savlon antiseptic 125ml,SAVLON ANTISEPTIC 125ML,,2024-08-10 21:21:18.073
Savlon antiseptic 125ml,SAVLON ANTISEPTIC 125ML,,2024-08-10 21:21:18.073
Savlon antiseptic 125ml,SAVLON ANTISEPTIC 125ML,,2024-08-10 21:21:18.073
Savlon antiseptic 125ml,SAVLON ANTISEPTIC 125ML,,2024-08-10 21:21:18.073
Savlon antiseptic 125ml,SAVLON ANTISEPTIC 125ML,,2024-08-10 21:21:18.073
Savlon antiseptic 125ml,SAVLON ANTISEPTIC 125ML,,2024-08-10 21:21:18.073
Savlon antiseptic 125ml,SAVLON ANTISEPTIC 125ML,,2024-08-10 21:21:18.073
Savlon antiseptic 125ml,SAVLON ANTISEPTIC 125ML,,2024-08-10 21:21:18.073
Savlon antiseptic 125ml,SAVLON ANTISEPTIC 125ML,,2024-08-10 21:21:18.073
Savlon antiseptic 125ml,SAVLON ANTISEPTIC 125ML,,2024-08-10 21:21:18.073
Savlon antiseptic 125ml,SAVLON ANTISEPTIC 125ML,,2024-08-10 21:21:18.073
Savlon antiseptic 125ml,SAVLON ANTISEPTIC 125ML,,2024-08-10 21:21:18.073
Savlon antiseptic 125ml,SAVLON ANTISEPTIC 125ML,,2024-08-10 21:21:18.073
Savlon antiseptic 125ml,SAVLON ANTISEPTIC 125ML,,2024-08-10 21:21:18.073
Savlon antiseptic 125ml,SAVLON ANTISEPTIC 125ML,,2024-08-10 21:21:18.073
Savlon antiseptic 125ml,SAVLON ANTISEPTIC 125ML,,2024-08-10 21:21:18.073
Savlon antiseptic 125ml,SAVLON ANTISEPTIC 125ML,,2024-08-10 21:21:18.073
Savlon antiseptic 125ml,SAVLON ANTISEPTIC 125ML,,2024-08-10 21:21:18.073
Savlon antiseptic 125ml,SAVLON ANTISEPTIC 125ML,,2024-08-10 21:21:18.073
Savlon antiseptic 125ml,SAVLON ANTISEPTIC 125ML,,2024-08-10 21:21:18.073
Savlon antiseptic 125ml,SAVLON ANTISEPTIC 125ML,,2024-08-10 21:21:18.073
Savlon antiseptic 125ml,SAVLON ANTISEPTIC 125ML,,2024-08-10 21:21:18.073
Savlon antiseptic 125ml,SAVLON ANTISEPTIC 125ML,,2024-08-10 21:21:18.073
Savlon antiseptic 125ml,SAVLON ANTISEPTIC 125ML,,2024-08-10 21:21:18.073
Savlon antiseptic 125ml,SAVLON ANTISEPTIC 125ML,,2024-08-10 21:21:18.073
Savlon antiseptic 125ml,SAVLON ANTISEPTIC 125ML,,2024-08-10 21:21:18.073
Savlon antiseptic 125ml,SAVLON ANTISEPTIC 125ML,,2024-08-10 21:21:18.073
Savlon antiseptic 125ml,SAVLON ANTISEPTIC 125ML,,2024-08-10 21:21:18.073
Savlon antiseptic 125ml,SAVLON ANTISEPTIC 125ML,,2024-08-10 21:21:18.073
Savlon antiseptic 125ml,SAVLON ANTISEPTIC 125ML,,2024-08-10 21:21:18.073
Savlon antiseptic 125ml,SAVLON ANTISEPTIC 125ML,,2024-08-10 21:21:18.073
Savlon antiseptic 125ml,SAVLON ANTISEPTIC 125ML,,2024-08-10 21:21:18.073
Savlon antiseptic 125ml,SAVLON ANTISEPTIC 125ML,,2024-08-10 21:21:18.073
Savlon antiseptic 125ml,SAVLON ANTISEPTIC 125ML,,2024-08-10 21:21:18.073
Savlon antiseptic 125ml,SAVLON ANTISEPTIC 125ML,,2024-08-10 21:21:18.073
Savlon antiseptic 125ml,SAVLON ANTISEPTIC 125ML,,2024-08-10 21:21:18.073
Savlon antiseptic 125ml,SAVLON ANTISEPTIC 125ML,,2024-08-10 21:21:18.073
Savlon antiseptic 125ml,SAVLON ANTISEPTIC 125ML,,2024-08-10 21:21:18.073
Savlon antiseptic 125ml,SAVLON ANTISEPTIC 125ML,,2024-08-10 21:21:18.073
Savlon antiseptic 125ml,SAVLON ANTISEPTIC 125ML,,2024-08-10 21:21:18.073
Savlon antiseptic 125ml,SAVLON ANTISEPTIC 125ML,,2024-08-10 21:21:18.073
Savlon antiseptic 125ml,SAVLON ANTISEPTIC 125ML,,2024-08-10 21:21:18.073
Savlon antiseptic 125ml,SAVLON ANTISEPTIC 125ML,,2024-08-10 21:21:18.073
Savlon antiseptic 125ml,SAVLON ANTISEPTIC 125ML,,2024-08-10 21:21:18.073
Savlon antiseptic 125ml,SAVLON ANTISEPTIC 125ML,,2024-08-10 21:21:18.073
Savlon antiseptic 125ml,SAVLON ANTISEPTIC 125ML,,2024-08-10 21:21:18.073
Savlon antiseptic 125ml,SAVLON ANTISEPTIC 125ML,,2024-08-10 21:21:18.073
Savlon antiseptic 125ml,SAVLON ANTISEPTIC 125ML,,2024-08-10 21:21:18.073
Savlon antiseptic 125ml,SAVLON ANTISEPTIC 125ML,,2024-08-10 21:21:18.073
Savlon antiseptic 125ml,SAVLON ANTISEPTIC 125ML,,2024-08-10 21:21:18.073
Savlon antiseptic 125ml,SAVLON ANTISEPTIC 125ML,,2024-08-10 21:21:18.073
Savlon antiseptic 125ml,SAVLON ANTISEPTIC 125ML,,2024-08-10 21:21:18.073
Savlon antiseptic 125ml,SAVLON ANTISEPTIC 125ML,,2024-08-10 21:21:18.073
Savlon antiseptic 125ml,SAVLON ANTISEPTIC 125ML,,2024-08-10 21:21:18.073
Savlon antiseptic 125ml,SAVLON ANTISEPTIC 125ML,,2024-08-10 21:21:18.073
Savlon antiseptic 125ml,SAVLON ANTISEPTIC 125ML,,2024-08-10 21:21:18.073
Savlon antiseptic 125ml,SAVLON ANTISEPTIC 125ML,,2024-08-10 21:21:18.073
Savlon antiseptic 125ml,SAVLON ANTISEPTIC 125ML,,2024-08-10 21:21:18.073
Savlon antiseptic 125ml,SAVLON ANTISEPTIC 125ML,,2024-08-10 21:21:18.073
Savlon antiseptic 125ml,SAVLON ANTISEPTIC 125ML,,2024-08-10 21:21:18.073
Savlon antiseptic 125ml,SAVLON ANTISEPTIC 125ML,,2024-08-10 21:21:18.073
Savlon antiseptic 125ml,SAVLON ANTISEPTIC 125ML,,2024-08-10 21:21:18.073
Savlon antiseptic 125ml,SAVLON ANTISEPTIC 125ML,,2024-08-10 21:21:18.073
Savlon antiseptic 125ml,SAVLON ANTISEPTIC 125ML,,2024-08-10 21:21:18.073
Savlon antiseptic 125ml,SAVLON ANTISEPTIC 125ML,,2024-08-10 21:21:18.073
Savlon antiseptic 125ml,SAVLON ANTISEPTIC 125ML,,2024-08-10 21:21:18.073
Savlon antiseptic 125ml,SAVLON ANTISEPTIC 125ML,,2024-08-10 21:21:18.073
Savlon antiseptic 125ml,SAVLON ANTISEPTIC 125ML,,2024-08-10 21:21:18.073
Savlon antiseptic 125ml,SAVLON ANTISEPTIC 125ML,,2024-08-10 21:21:18.073
Savlon antiseptic 125ml,SAVLON ANTISEPTIC 125ML,,2024-08-10 21:21:18.073
Savlon antiseptic 125ml,SAVLON ANTISEPTIC 125ML,,2024-08-10 21:21:18.073
Savlon antiseptic 125ml,SAVLON ANTISEPTIC 125ML,,2024-08-10 21:21:18.073
Savlon antiseptic 125ml,SAVLON ANTISEPTIC 125ML,,2024-08-10 21:21:18.073
Savlon antiseptic 125ml,SAVLON ANTISEPTIC 125ML,,2024-08-10 21:21:18.073
Savlon antiseptic 125ml,SAVLON ANTISEPTIC 125ML,,2024-08-10 21:21:18.073
Savlon antiseptic 125ml,SAVLON ANTISEPTIC 125ML,,2024-08-10 21:21:18.073
Savlon antiseptic 125ml,SAVLON ANTISEPTIC 125ML,,2024-08-10 21:21:18.073
Savlon antiseptic 125ml,SAVLON ANTISEPTIC 125ML,,2024-08-10 21:21:18.073
Savlon antiseptic 125ml,SAVLON ANTISEPTIC 125ML,,2024-08-10 21:21:18.073
Savlon antiseptic 125ml,SAVLON ANTISEPTIC 125ML,,2024-08-10 21:21:18.073
Savlon antiseptic 125ml,SAVLON ANTISEPTIC 125ML,,2024-08-10 21:21:18.073
Savlon antiseptic 125ml,SAVLON ANTISEPTIC 125ML,,2024-08-10 21:21:18.073
Savlon antiseptic 125ml,SAVLON ANTISEPTIC 125ML,,2024-08-10 21:21:18.073
Savlon antiseptic 125ml,SAVLON ANTISEPTIC 125ML,,2024-08-10 21:21:18.073
Savlon antiseptic 125ml,SAVLON ANTISEPTIC 125ML,,2024-08-10 21:21:18.073
Savlon antiseptic 125ml,SAVLON ANTISEPTIC 125ML,,2024-08-10 21:21:18.073
Savlon antiseptic 125ml,SAVLON ANTISEPTIC 125ML,,2024-08-10 21:21:18.073
Savlon antiseptic 125ml,SAVLON ANTISEPTIC 125ML,,2024-08-10 21:21:18.073
Savlon antiseptic 125ml,SAVLON ANTISEPTIC 125ML,,2024-08-10 21:21:18.073
Savlon antiseptic 125ml,SAVLON ANTISEPTIC 125ML,,2024-08-10 21:21:18.073
Savlon antiseptic 125ml,SAVLON ANTISEPTIC 125ML,,2024-08-10 21:21:18.073
Savlon antiseptic 125ml,SAVLON ANTISEPTIC 125ML,,2024-08-10 21:21:18.073
Savlon antiseptic 125ml,SAVLON ANTISEPTIC 125ML,,2024-08-10 21:21:18.073
Savlon antiseptic 125ml,SAVLON ANTISEPTIC 125ML,,2024-08-10 21:21:18.073
Savlon antiseptic 125ml,SAVLON ANTISEPTIC 125ML,,2024-08-10 21:21:18.073
Savlon antiseptic 125ml,SAVLON ANTISEPTIC 125ML,,2024-08-10 21:21:18.073
Savlon antiseptic 125ml,SAVLON ANTISEPTIC 125ML,,2024-08-10 21:21:18.073
Savlon antiseptic 125ml,SAVLON ANTISEPTIC 125ML,,2024-08-10 21:21:18.073
Savlon antiseptic 125ml,SAVLON ANTISEPTIC 125ML,,2024-08-10 21:21:18.073
Savlon antiseptic 125ml,SAVLON ANTISEPTIC 125ML,,2024-08-10 21:21:18.073
Savlon antiseptic 125ml,SAVLON ANTISEPTIC 125ML,,2024-08-10 21:21:18.073
Savlon antiseptic 125ml,SAVLON ANTISEPTIC 125ML,,2024-08-10 21:21:18.073
Savlon antiseptic 125ml,SAVLON ANTISEPTIC 125ML,,2024-08-10 21:21:18.073
Savlon antiseptic 125ml,SAVLON ANTISEPTIC 125ML,,2024-08-10 21:21:18.073
Savlon antiseptic 125ml,SAVLON ANTISEPTIC 125ML,,2024-08-10 21:21:18.073
Savlon antiseptic 125ml,SAVLON ANTISEPTIC 125ML,,2024-08-10 21:21:18.073
Savlon antiseptic 125ml,SAVLON ANTISEPTIC 125ML,,2024-08-10 21:21:18.073
Savlon antiseptic 125ml,SAVLON ANTISEPTIC 125ML,,2024-08-10 21:21:18.073
Savlon antiseptic 125ml,SAVLON ANTISEPTIC 125ML,,2024-08-10 21:21:18.073
Savlon antiseptic 125ml,SAVLON ANTISEPTIC 125ML,,2024-08-10 21:21:18.073
Savlon antiseptic 125ml,SAVLON ANTISEPTIC 125ML,,2024-08-10 21:21:18.073
Savlon antiseptic 125ml,SAVLON ANTISEPTIC 125ML,,2024-08-10 21:21:18.073
Savlon antiseptic 125ml,SAVLON ANTISEPTIC 125ML,,2024-08-10 21:21:18.073
Savlon antiseptic 125ml,SAVLON ANTISEPTIC 125ML,,2024-08-10 21:21:18.073
Savlon antiseptic 125ml,SAVLON ANTISEPTIC 125ML,,2024-08-10 21:21:18.073
Savlon antiseptic 125ml,SAVLON ANTISEPTIC 125ML,,2024-08-10 21:21:18.073
Savlon antiseptic 125ml,SAVLON ANTISEPTIC 125ML,,2024-08-10 21:21:18.073
Savlon antiseptic 125ml,SAVLON ANTISEPTIC 125ML,,2024-08-10 21:21:18.073
Savlon antiseptic 125ml,SAVLON ANTISEPTIC 125ML,,2024-08-10 21:21:18.073
Savlon antiseptic 125ml,SAVLON ANTISEPTIC 125ML,,2024-08-10 21:21:18.073
Savlon antiseptic 125ml,SAVLON ANTISEPTIC 125ML,,2024-08-10 21:21:18.073
Savlon antiseptic 125ml,SAVLON ANTISEPTIC 125ML,,2024-08-10 21:21:18.073
Savlon antiseptic 125ml,SAVLON ANTISEPTIC 125ML,,2024-08-10 21:21:18.073
Savlon antiseptic 125ml,SAVLON ANTISEPTIC 125ML,,2024-08-10 21:21:18.073
Savlon antiseptic 125ml,SAVLON ANTISEPTIC 125ML,,2024-08-10 21:21:18.073
Savlon antiseptic 125ml,SAVLON ANTISEPTIC 125ML,,2024-08-10 21:21:18.073
Savlon antiseptic 125ml,SAVLON ANTISEPTIC 125ML,,2024-08-10 21:21:18.073
COKE 350ML (LIQUID ONLY),COKE 300ML (LIQUID ONLY),,2016-12-05 16:34:25.000
COKE 350ML (LIQUID ONLY),COKE 300ML (LIQUID ONLY),,2016-12-05 16:34:25.000
COKE 350ML (LIQUID ONLY),COKE 300ML (LIQUID ONLY),,2016-12-05 16:34:25.000
lucozade energy orange 500ml,LUCOZADE ORANGE 500ML,,2025-02-18 17:01:49.720
lucozade energy orange 500ml,LUCOZADE ORANGE 500ML,,2025-02-18 17:01:49.720
lucozade energy orange 500ml,LUCOZADE ORANGE 500ML,,2025-02-18 17:01:49.720
lucozade energy orange 500ml,LUCOZADE ORANGE 500ML,,2025-02-18 17:01:49.720
lucozade energy orange 500ml,LUCOZADE ORANGE 500ML,,2025-02-18 17:01:49.720
lucozade energy orange 500ml,LUCOZADE ORANGE 500ML,,2025-02-18 17:01:49.720
lucozade energy orange 500ml,LUCOZADE ORANGE 500ML,,2025-02-18 17:01:49.720
lucozade energy orange 500ml,LUCOZADE ORANGE 500ML,,2025-02-18 17:01:49.720
Colgate double action toothbrush,COLGATE DOUBLE ACTION BRUSH,,2025-03-11 07:03:35.407
lucozade energy orange 500ml,LUCOZADE ORANGE 500ML,,2025-02-18 17:01:49.720
Keringet 500ml,KERINGET-500 ML,,2025-03-14 08:59:50.833
Keringet 500ml,KERINGET-500 ML,,2025-03-14 08:59:50.833
Schweppes tonic water,SCHWEPPES TONIC WATER 150ML,,2020-02-11 19:51:49.440
Schweppes tonic water,SCHWEPPES TONIC WATER 150ML,,2020-02-11 19:51:49.440
Schweppes tonic water,SCHWEPPES TONIC WATER 150ML,,2020-02-11 19:51:49.440
Schweppes tonic water,SCHWEPPES TONIC WATER 150ML,,2020-02-11 19:51:49.440
Keringet 500ml,KERINGET-500 ML,,2025-03-14 08:59:50.833
Keringet 500ml,KERINGET-500 ML,,2025-03-14 08:59:50.833
Keringet 500ml,KERINGET-500 ML,,2025-03-14 08:59:50.833
Keringet 500ml,KERINGET-500 ML,,2025-03-14 08:59:50.833
COLGATE CHARCOAL 120ML,COLGATE CHARCOAL 120ML ,,2025-03-11 07:03:35.407
COLGATE CHARCOAL 120ML,COLGATE CHARCOAL 120ML ,,2025-03-11 07:03:35.407
COLGATE CHARCOAL 120ML,COLGATE CHARCOAL 120ML ,,2025-03-11 07:03:35.407
Keringet 500ml,KERINGET-500 ML,,2025-03-14 08:59:50.833
Keringet 500ml,KERINGET-500 ML,,2025-03-14 08:59:50.833
Keringet 500ml,KERINGET-500 ML,,2025-03-14 08:59:50.833
Keringet 500ml,KERINGET-500 ML,,2025-03-14 08:59:50.833
Keringet 500ml,KERINGET-500 ML,,2025-03-14 08:59:50.833
Keringet 500ml,KERINGET-500 ML,,2025-03-14 08:59:50.833
Keringet 500ml,KERINGET-500 ML,,2025-03-14 08:59:50.833
Keringet 500ml,KERINGET-500 ML,,2025-03-14 08:59:50.833
Keringet 500ml,KERINGET-500 ML,,2025-03-14 08:59:50.833
Keringet 500ml,KERINGET-500 ML,,2025-03-14 08:59:50.833
Quality street 600g,QUALITY STREET TUB 600G,,2025-02-28 18:33:18.317
Pringles cheesy cheese 165g,PRINGLES CHEESY  CHEESE 165G,,2025-03-08 00:00:00.000
Pringles cheesy cheese 165g,PRINGLES CHEESY  CHEESE 165G,,2025-03-08 00:00:00.000
Pringles cheesy cheese 165g,PRINGLES CHEESY  CHEESE 165G,,2025-03-08 00:00:00.000
Pringles cheesy cheese 165g,PRINGLES CHEESY  CHEESE 165G,,2025-03-08 00:00:00.000
Pringles cheesy cheese 165g,PRINGLES CHEESY  CHEESE 165G,,2025-03-08 00:00:00.000
Pringles cheesy cheese 165g,PRINGLES CHEESY  CHEESE 165G,,2025-03-08 00:00:00.000
Pringles cheesy cheese 165g,PRINGLES CHEESY  CHEESE 165G,,2025-03-08 00:00:00.000
Pringles cheesy cheese 165g,PRINGLES CHEESY  CHEESE 165G,,2025-03-08 00:00:00.000
Pringles cheesy cheese 165g,PRINGLES CHEESY  CHEESE 165G,,2025-03-08 00:00:00.000
Pringles cheesy cheese 165g,PRINGLES CHEESY  CHEESE 165G,,2025-03-08 00:00:00.000
Pringles cheesy cheese 165g,PRINGLES CHEESY  CHEESE 165G,,2025-03-08 00:00:00.000
Pringles cheesy cheese 165g,PRINGLES CHEESY  CHEESE 165G,,2025-03-08 00:00:00.000
Pringles cheesy cheese 165g,PRINGLES CHEESY  CHEESE 165G,,2025-03-08 00:00:00.000
Pringles cheesy cheese 165g,PRINGLES CHEESY  CHEESE 165G,,2025-03-08 00:00:00.000
Pringles cheesy cheese 165g,PRINGLES CHEESY  CHEESE 165G,,2025-03-08 00:00:00.000
Pringles cheesy cheese 165g,PRINGLES CHEESY  CHEESE 165G,,2025-03-08 00:00:00.000
BS TUZO MILK 500ML,BS TUZO MILK 500ML ,,2024-07-18 00:00:00.000
Keringet 500ml,KERINGET-500 ML,,2025-03-14 08:59:50.833
COKE 350ML (LIQUID ONLY),COKE 300ML (LIQUID ONLY),,2016-12-05 16:34:25.000
COKE 350ML (LIQUID ONLY),COKE 300ML (LIQUID ONLY),,2016-12-05 16:34:25.000
COKE 350ML (LIQUID ONLY),COKE 300ML (LIQUID ONLY),,2016-12-05 16:34:25.000
COKE 350ML (LIQUID ONLY),COKE 300ML (LIQUID ONLY),,2016-12-05 16:34:25.000
COKE 350ML (LIQUID ONLY),COKE 300ML (LIQUID ONLY),,2016-12-05 16:34:25.000
COKE 350ML (LIQUID ONLY),COKE 300ML (LIQUID ONLY),,2016-12-05 16:34:25.000
COKE 350ML (LIQUID ONLY),COKE 300ML (LIQUID ONLY),,2016-12-05 16:34:25.000
COKE 350ML (LIQUID ONLY),COKE 300ML (LIQUID ONLY),,2016-12-05 16:34:25.000
COKE 350ML (LIQUID ONLY),COKE 300ML (LIQUID ONLY),,2016-12-05 16:34:25.000
COKE 350ML (LIQUID ONLY),COKE 300ML (LIQUID ONLY),,2016-12-05 16:34:25.000
COKE 350ML (LIQUID ONLY),COKE 300ML (LIQUID ONLY),,2016-12-05 16:34:25.000
COKE 350ML (LIQUID ONLY),COKE 300ML (LIQUID ONLY),,2016-12-05 16:34:25.000
HEINZ TOMATO KETCHUP 200G,HEINZ TOMATO KETCHUP 200G,,2020-05-15 00:00:00.000
Urban Bites Funky Fruit Chutn'y,URBAN BITES FRUIT CHUTNY 30G,,2025-03-12 19:15:58.790
Keringet 500ml,KERINGET-500 ML,,2025-03-14 08:59:50.833
Keringet 500ml,KERINGET-500 ML,,2025-03-14 08:59:50.833
VASELINE BLUE SEAL 95G,VASELINE BLUE SEAL 95G,,2025-03-02 14:55:30.613
VASELINE BLUE SEAL 95G,VASELINE BLUE SEAL 95G,,2025-03-02 14:55:30.613
velvex hand sanitizer 120ml,VELVEX SANITIZER 120ML,,2025-03-07 06:50:02.103
Keringet 500ml,KERINGET-500 ML,,2025-03-14 08:59:50.833
Keringet 500ml,KERINGET-500 ML,,2025-03-14 08:59:50.833
Keringet 500ml,KERINGET-500 ML,,2025-03-14 08:59:50.833
Keringet 500ml,KERINGET-500 ML,,2025-03-14 08:59:50.833
Keringet 500ml,KERINGET-500 ML,,2025-03-14 08:59:50.833
Keringet 500ml,KERINGET-500 ML,,2025-03-14 08:59:50.833
Keringet 500ml,KERINGET-500 ML,,2025-03-14 08:59:50.833
Keringet 500ml,KERINGET-500 ML,,2025-03-14 08:59:50.833
Keringet 500ml,KERINGET-500 ML,,2025-03-14 08:59:50.833
Keringet 500ml,KERINGET-500 ML,,2025-03-14 08:59:50.833
Keringet 500ml,KERINGET-500 ML,,2025-03-14 08:59:50.833
Keringet 500ml,KERINGET-500 ML,,2025-03-14 08:59:50.833
Keringet 500ml,KERINGET-500 ML,,2025-03-14 08:59:50.833
Keringet 500ml,KERINGET-500 ML,,2025-03-14 08:59:50.833
Keringet 500ml,KERINGET-500 ML,,2025-03-14 08:59:50.833
Keringet 500ml,KERINGET-500 ML,,2025-03-14 08:59:50.833
Keringet 500ml,KERINGET-500 ML,,2025-03-14 08:59:50.833
Keringet 500ml,KERINGET-500 ML,,2025-03-14 08:59:50.833
Keringet 500ml,KERINGET-500 ML,,2025-03-14 08:59:50.833
Keringet 500ml,KERINGET-500 ML,,2025-03-14 08:59:50.833
Keringet 500ml,KERINGET-500 ML,,2025-03-14 08:59:50.833
Keringet 500ml,KERINGET-500 ML,,2025-03-14 08:59:50.833
Keringet 500ml,KERINGET-500 ML,,2025-03-14 08:59:50.833
COKE 350ML (LIQUID ONLY),COKE 300ML (LIQUID ONLY),,2016-12-05 16:34:25.000
DASANI 500ML,DASANI 500ML,,2025-03-14 08:56:27.083
DASANI 500ML,DASANI 500ML,,2025-03-14 08:56:27.083
DASANI 500ML,DASANI 500ML,,2025-03-14 08:56:27.083
DASANI 500ML,DASANI 500ML,,2025-03-14 08:56:27.083
DASANI 500ML,DASANI 500ML,,2025-03-14 08:56:27.083
DASANI 500ML,DASANI 500ML,,2025-03-14 08:56:27.083
DASANI 500ML,DASANI 500ML,,2025-03-14 08:56:27.083
DASANI 500ML,DASANI 500ML,,2025-03-14 08:56:27.083
DASANI 500ML,DASANI 500ML,,2025-03-14 08:56:27.083
DASANI 500ML,DASANI 500ML,,2025-03-14 08:56:27.083
Keringet 500ml,KERINGET-500 ML,,2025-03-14 08:59:50.833
DASANI 500ML,DASANI 500ML,,2025-03-14 08:56:27.083
Keringet 500ml,KERINGET-500 ML,,2025-03-14 08:59:50.833
DASANI 500ML,DASANI 500ML,,2025-03-14 08:56:27.083
Keringet 500ml,KERINGET-500 ML,,2025-03-14 08:59:50.833
DASANI 500ML,DASANI 500ML,,2025-03-14 08:56:27.083
Keringet 500ml,KERINGET-500 ML,,2025-03-14 08:59:50.833
DASANI 500ML,DASANI 500ML,,2025-03-14 08:56:27.083
Keringet 500ml,KERINGET-500 ML,,2025-03-14 08:59:50.833
DASANI 500ML,DASANI 500ML,,2025-03-14 08:56:27.083
Keringet 500ml,KERINGET-500 ML,,2025-03-14 08:59:50.833
DASANI 500ML,DASANI 500ML,,2025-03-14 08:56:27.083
Keringet 500ml,KERINGET-500 ML,,2025-03-14 08:59:50.833
Keringet 500ml,KERINGET-500 ML,,2025-03-14 08:59:50.833
Keringet 500ml,KERINGET-500 ML,,2025-03-14 08:59:50.833
Keringet 500ml,KERINGET-500 ML,,2025-03-14 08:59:50.833
Keringet 500ml,KERINGET-500 ML,,2025-03-14 08:59:50.833
Keringet 500ml,KERINGET-500 ML,,2025-03-14 08:59:50.833
Keringet 500ml,KERINGET-500 ML,,2025-03-14 08:59:50.833
Keringet 500ml,KERINGET-500 ML,,2025-03-14 08:59:50.833
DASANI 500ML,DASANI 500ML,,2025-03-14 08:56:27.083
DASANI 500ML,DASANI 500ML,,2025-03-14 08:56:27.083
DASANI 500ML,DASANI 500ML,,2025-03-14 08:56:27.083
DASANI 500ML,DASANI 500ML,,2025-03-14 08:56:27.083
DASANI 500ML,DASANI 500ML,,2025-03-14 08:56:27.083
DASANI 500ML,DASANI 500ML,,2025-03-14 08:56:27.083
DASANI 500ML,DASANI 500ML,,2025-03-14 08:56:27.083
DASANI 500ML,DASANI 500ML,,2025-03-14 08:56:27.083
DASANI 500ML,DASANI 500ML,,2025-03-14 08:56:27.083
DASANI 500ML,DASANI 500ML,,2025-03-14 08:56:27.083
DASANI 500ML,DASANI 500ML,,2025-03-14 08:56:27.083
DASANI 500ML,DASANI 500ML,,2025-03-14 08:56:27.083
DASANI 500ML,DASANI 500ML,,2025-03-14 08:56:27.083
DASANI 500ML,DASANI 500ML,,2025-03-14 08:56:27.083
DASANI 500ML,DASANI 500ML,,2025-03-14 08:56:27.083
DASANI 500ML,DASANI 500ML,,2025-03-14 08:56:27.083
DASANI 500ML,DASANI 500ML,,2025-03-14 08:56:27.083
DASANI 500ML,DASANI 500ML,,2025-03-14 08:56:27.083
DASANI 500ML,DASANI 500ML,,2025-03-14 08:56:27.083
DASANI 500ML,DASANI 500ML,,2025-03-14 08:56:27.083
DASANI 500ML,DASANI 500ML,,2025-03-14 08:56:27.083
DASANI 500ML,DASANI 500ML,,2025-03-14 08:56:27.083
DASANI 500ML,DASANI 500ML,,2025-03-14 08:56:27.083
DASANI 500ML,DASANI 500ML,,2025-03-14 08:56:27.083
Keringet 500ml,KERINGET-500 ML,,2025-03-14 08:59:50.833
lucozade energy orange 500ml,LUCOZADE ORANGE 500ML,,2025-02-18 17:01:49.720
lucozade energy orange 500ml,LUCOZADE ORANGE 500ML,,2025-02-18 17:01:49.720
Quality street 600g,QUALITY STREET TUB 600G,,2025-02-28 18:33:18.317
Quality street 600g,QUALITY STREET TUB 600G,,2025-02-28 18:33:18.317
BS TUZO MILK 500ML,BS TUZO MILK 500ML ,,2024-07-18 00:00:00.000
BS TUZO MILK 500ML,BS TUZO MILK 500ML ,,2024-07-18 00:00:00.000
BS TUZO MILK 500ML,BS TUZO MILK 500ML ,,2024-07-18 00:00:00.000
BS TUZO MILK 500ML,BS TUZO MILK 500ML ,,2024-07-18 00:00:00.000
BS TUZO MILK 500ML,BS TUZO MILK 500ML ,,2024-07-18 00:00:00.000
BS TUZO MILK 500ML,BS TUZO MILK 500ML ,,2024-07-18 00:00:00.000
BS TUZO MILK 500ML,BS TUZO MILK 500ML ,,2024-07-18 00:00:00.000
BS TUZO MILK 500ML,BS TUZO MILK 500ML ,,2024-07-18 00:00:00.000
BS TUZO MILK 500ML,BS TUZO MILK 500ML ,,2024-07-18 00:00:00.000
BS TUZO MILK 500ML,BS TUZO MILK 500ML ,,2024-07-18 00:00:00.000
BS TUZO MILK 500ML,BS TUZO MILK 500ML ,,2024-07-18 00:00:00.000
BS TUZO MILK 500ML,BS TUZO MILK 500ML ,,2024-07-18 00:00:00.000
BS TUZO MILK 500ML,BS TUZO MILK 500ML ,,2024-07-18 00:00:00.000
BS TUZO MILK 500ML,BS TUZO MILK 500ML ,,2024-07-18 00:00:00.000
BS TUZO MILK 500ML,BS TUZO MILK 500ML ,,2024-07-18 00:00:00.000
BS TUZO MILK 500ML,BS TUZO MILK 500ML ,,2024-07-18 00:00:00.000
BS TUZO MILK 500ML,BS TUZO MILK 500ML ,,2024-07-18 00:00:00.000
Quality street 600g,QUALITY STREET TUB 600G,,2025-02-28 18:33:18.317
Quality street 600g,QUALITY STREET TUB 600G,,2025-02-28 18:33:18.317
Keringet 500ml,KERINGET-500 ML,,2025-03-14 08:59:50.833
Keringet 500ml,KERINGET-500 ML,,2025-03-14 08:59:50.833
Keringet 500ml,KERINGET-500 ML,,2025-03-14 08:59:50.833
Keringet 500ml,KERINGET-500 ML,,2025-03-14 08:59:50.833
Keringet 500ml,KERINGET-500 ML,,2025-03-14 08:59:50.833
Keringet 500ml,KERINGET-500 ML,,2025-03-14 08:59:50.833
Keringet 500ml,KERINGET-500 ML,,2025-03-14 08:59:50.833
Keringet 500ml,KERINGET-500 ML,,2025-03-14 08:59:50.833
Keringet 500ml,KERINGET-500 ML,,2025-03-14 08:59:50.833
Keringet 500ml,KERINGET-500 ML,,2025-03-14 08:59:50.833
Keringet 500ml,KERINGET-500 ML,,2025-03-14 08:59:50.833
Keringet 500ml,KERINGET-500 ML,,2025-03-14 08:59:50.833
Keringet 500ml,KERINGET-500 ML,,2025-03-14 08:59:50.833
Keringet 500ml,KERINGET-500 ML,,2025-03-14 08:59:50.833
Keringet 500ml,KERINGET-500 ML,,2025-03-14 08:59:50.833
Keringet 500ml,KERINGET-500 ML,,2025-03-14 08:59:50.833
Keringet 500ml,KERINGET-500 ML,,2025-03-14 08:59:50.833
Keringet 500ml,KERINGET-500 ML,,2025-03-14 08:59:50.833
Keringet 500ml,KERINGET-500 ML,,2025-03-14 08:59:50.833
DASANI 500ML,DASANI 500ML,,2025-03-14 08:56:27.083
DASANI 500ML,DASANI 500ML,,2025-03-14 08:56:27.083
DASANI 500ML,DASANI 500ML,,2025-03-14 08:56:27.083
Keringet 500ml,KERINGET-500 ML,,2025-03-14 08:59:50.833
Keringet 500ml,KERINGET-500 ML,,2025-03-14 08:59:50.833
Keringet 500ml,KERINGET-500 ML,,2025-03-14 08:59:50.833
Keringet 500ml,KERINGET-500 ML,,2025-03-14 08:59:50.833
Keringet 500ml,KERINGET-500 ML,,2025-03-14 08:59:50.833
Keringet 500ml,KERINGET-500 ML,,2025-03-14 08:59:50.833
Keringet 500ml,KERINGET-500 ML,,2025-03-14 08:59:50.833
Keringet 500ml,KERINGET-500 ML,,2025-03-14 08:59:50.833
lucozade energy orange 500ml,LUCOZADE ORANGE 500ML,,2025-02-18 17:01:49.720
lucozade energy orange 500ml,LUCOZADE ORANGE 500ML,,2025-02-18 17:01:49.720
lucozade energy orange 500ml,LUCOZADE ORANGE 500ML,,2025-02-18 17:01:49.720
lucozade energy orange 500ml,LUCOZADE ORANGE 500ML,,2025-02-18 17:01:49.720
lucozade energy orange 500ml,LUCOZADE ORANGE 500ML,,2025-02-18 17:01:49.720
lucozade energy orange 500ml,LUCOZADE ORANGE 500ML,,2025-02-18 17:01:49.720
lucozade energy orange 500ml,LUCOZADE ORANGE 500ML,,2025-02-18 17:01:49.720
lucozade energy orange 500ml,LUCOZADE ORANGE 500ML,,2025-02-18 17:01:49.720
lucozade energy orange 500ml,LUCOZADE ORANGE 500ML,,2025-02-18 17:01:49.720
lucozade energy orange 500ml,LUCOZADE ORANGE 500ML,,2025-02-18 17:01:49.720
lucozade energy orange 500ml,LUCOZADE ORANGE 500ML,,2025-02-18 17:01:49.720
lucozade energy orange 500ml,LUCOZADE ORANGE 500ML,,2025-02-18 17:01:49.720
lucozade energy orange 500ml,LUCOZADE ORANGE 500ML,,2025-02-18 17:01:49.720
lucozade energy orange 500ml,LUCOZADE ORANGE 500ML,,2025-02-18 17:01:49.720
lucozade energy orange 500ml,LUCOZADE ORANGE 500ML,,2025-02-18 17:01:49.720
lucozade energy orange 500ml,LUCOZADE ORANGE 500ML,,2025-02-18 17:01:49.720
lucozade energy orange 500ml,LUCOZADE ORANGE 500ML,,2025-02-18 17:01:49.720
lucozade energy orange 500ml,LUCOZADE ORANGE 500ML,,2025-02-18 17:01:49.720
lucozade energy orange 500ml,LUCOZADE ORANGE 500ML,,2025-02-18 17:01:49.720
lucozade energy orange 500ml,LUCOZADE ORANGE 500ML,,2025-02-18 17:01:49.720
lucozade energy orange 500ml,LUCOZADE ORANGE 500ML,,2025-02-18 17:01:49.720
lucozade energy orange 500ml,LUCOZADE ORANGE 500ML,,2025-02-18 17:01:49.720
lucozade energy orange 500ml,LUCOZADE ORANGE 500ML,,2025-02-18 17:01:49.720
lucozade energy orange 500ml,LUCOZADE ORANGE 500ML,,2025-02-18 17:01:49.720
lucozade energy orange 500ml,LUCOZADE ORANGE 500ML,,2025-02-18 17:01:49.720
lucozade energy orange 500ml,LUCOZADE ORANGE 500ML,,2025-02-18 17:01:49.720
lucozade energy orange 500ml,LUCOZADE ORANGE 500ML,,2025-02-18 17:01:49.720
lucozade energy orange 500ml,LUCOZADE ORANGE 500ML,,2025-02-18 17:01:49.720
lucozade energy orange 500ml,LUCOZADE ORANGE 500ML,,2025-02-18 17:01:49.720
lucozade energy orange 500ml,LUCOZADE ORANGE 500ML,,2025-02-18 17:01:49.720
lucozade energy orange 500ml,LUCOZADE ORANGE 500ML,,2025-02-18 17:01:49.720
lucozade energy orange 500ml,LUCOZADE ORANGE 500ML,,2025-02-18 17:01:49.720
lucozade energy orange 500ml,LUCOZADE ORANGE 500ML,,2025-02-18 17:01:49.720
lucozade energy orange 500ml,LUCOZADE ORANGE 500ML,,2025-02-18 17:01:49.720
lucozade energy orange 500ml,LUCOZADE ORANGE 500ML,,2025-02-18 17:01:49.720
lucozade energy orange 500ml,LUCOZADE ORANGE 500ML,,2025-02-18 17:01:49.720
lucozade energy orange 500ml,LUCOZADE ORANGE 500ML,,2025-02-18 17:01:49.720
lucozade energy orange 500ml,LUCOZADE ORANGE 500ML,,2025-02-18 17:01:49.720
lucozade energy orange 500ml,LUCOZADE ORANGE 500ML,,2025-02-18 17:01:49.720
lucozade energy orange 500ml,LUCOZADE ORANGE 500ML,,2025-02-18 17:01:49.720
lucozade energy orange 500ml,LUCOZADE ORANGE 500ML,,2025-02-18 17:01:49.720
lucozade energy orange 500ml,LUCOZADE ORANGE 500ML,,2025-02-18 17:01:49.720
lucozade energy orange 500ml,LUCOZADE ORANGE 500ML,,2025-02-18 17:01:49.720
lucozade energy orange 500ml,LUCOZADE ORANGE 500ML,,2025-02-18 17:01:49.720
lucozade energy orange 500ml,LUCOZADE ORANGE 500ML,,2025-02-18 17:01:49.720
lucozade energy orange 500ml,LUCOZADE ORANGE 500ML,,2025-02-18 17:01:49.720
lucozade energy orange 500ml,LUCOZADE ORANGE 500ML,,2025-02-18 17:01:49.720
lucozade energy orange 500ml,LUCOZADE ORANGE 500ML,,2025-02-18 17:01:49.720
lucozade energy orange 500ml,LUCOZADE ORANGE 500ML,,2025-02-18 17:01:49.720
lucozade energy orange 500ml,LUCOZADE ORANGE 500ML,,2025-02-18 17:01:49.720
lucozade energy orange 500ml,LUCOZADE ORANGE 500ML,,2025-02-18 17:01:49.720
lucozade energy orange 500ml,LUCOZADE ORANGE 500ML,,2025-02-18 17:01:49.720
lucozade energy orange 500ml,LUCOZADE ORANGE 500ML,,2025-02-18 17:01:49.720
lucozade energy orange 500ml,LUCOZADE ORANGE 500ML,,2025-02-18 17:01:49.720
lucozade energy orange 500ml,LUCOZADE ORANGE 500ML,,2025-02-18 17:01:49.720
lucozade energy orange 500ml,LUCOZADE ORANGE 500ML,,2025-02-18 17:01:49.720
lucozade energy orange 500ml,LUCOZADE ORANGE 500ML,,2025-02-18 17:01:49.720
lucozade energy orange 500ml,LUCOZADE ORANGE 500ML,,2025-02-18 17:01:49.720
lucozade energy orange 500ml,LUCOZADE ORANGE 500ML,,2025-02-18 17:01:49.720
lucozade energy orange 500ml,LUCOZADE ORANGE 500ML,,2025-02-18 17:01:49.720
lucozade energy orange 500ml,LUCOZADE ORANGE 500ML,,2025-02-18 17:01:49.720
lucozade energy orange 500ml,LUCOZADE ORANGE 500ML,,2025-02-18 17:01:49.720
lucozade energy orange 500ml,LUCOZADE ORANGE 500ML,,2025-02-18 17:01:49.720
lucozade energy orange 500ml,LUCOZADE ORANGE 500ML,,2025-02-18 17:01:49.720
lucozade energy orange 500ml,LUCOZADE ORANGE 500ML,,2025-02-18 17:01:49.720
lucozade energy orange 500ml,LUCOZADE ORANGE 500ML,,2025-02-18 17:01:49.720
lucozade energy orange 500ml,LUCOZADE ORANGE 500ML,,2025-02-18 17:01:49.720
lucozade energy orange 500ml,LUCOZADE ORANGE 500ML,,2025-02-18 17:01:49.720
lucozade energy orange 500ml,LUCOZADE ORANGE 500ML,,2025-02-18 17:01:49.720
lucozade energy orange 500ml,LUCOZADE ORANGE 500ML,,2025-02-18 17:01:49.720
lucozade energy orange 500ml,LUCOZADE ORANGE 500ML,,2025-02-18 17:01:49.720
lucozade energy orange 500ml,LUCOZADE ORANGE 500ML,,2025-02-18 17:01:49.720
lucozade energy orange 500ml,LUCOZADE ORANGE 500ML,,2025-02-18 17:01:49.720
lucozade energy orange 500ml,LUCOZADE ORANGE 500ML,,2025-02-18 17:01:49.720
lucozade energy orange 500ml,LUCOZADE ORANGE 500ML,,2025-02-18 17:01:49.720
lucozade energy orange 500ml,LUCOZADE ORANGE 500ML,,2025-02-18 17:01:49.720
lucozade energy orange 500ml,LUCOZADE ORANGE 500ML,,2025-02-18 17:01:49.720
lucozade energy orange 500ml,LUCOZADE ORANGE 500ML,,2025-02-18 17:01:49.720
lucozade energy orange 500ml,LUCOZADE ORANGE 500ML,,2025-02-18 17:01:49.720
lucozade energy orange 500ml,LUCOZADE ORANGE 500ML,,2025-02-18 17:01:49.720
lucozade energy orange 500ml,LUCOZADE ORANGE 500ML,,2025-02-18 17:01:49.720
lucozade energy orange 500ml,LUCOZADE ORANGE 500ML,,2025-02-18 17:01:49.720
lucozade energy orange 500ml,LUCOZADE ORANGE 500ML,,2025-02-18 17:01:49.720
lucozade energy orange 500ml,LUCOZADE ORANGE 500ML,,2025-02-18 17:01:49.720
lucozade energy orange 500ml,LUCOZADE ORANGE 500ML,,2025-02-18 17:01:49.720
lucozade energy orange 500ml,LUCOZADE ORANGE 500ML,,2025-02-18 17:01:49.720
lucozade energy orange 500ml,LUCOZADE ORANGE 500ML,,2025-02-18 17:01:49.720
lucozade energy orange 500ml,LUCOZADE ORANGE 500ML,,2025-02-18 17:01:49.720
lucozade energy orange 500ml,LUCOZADE ORANGE 500ML,,2025-02-18 17:01:49.720
lucozade energy orange 500ml,LUCOZADE ORANGE 500ML,,2025-02-18 17:01:49.720
lucozade energy orange 500ml,LUCOZADE ORANGE 500ML,,2025-02-18 17:01:49.720
lucozade energy orange 500ml,LUCOZADE ORANGE 500ML,,2025-02-18 17:01:49.720
lucozade energy orange 500ml,LUCOZADE ORANGE 500ML,,2025-02-18 17:01:49.720
lucozade energy orange 500ml,LUCOZADE ORANGE 500ML,,2025-02-18 17:01:49.720
lucozade energy orange 500ml,LUCOZADE ORANGE 500ML,,2025-02-18 17:01:49.720
lucozade energy orange 500ml,LUCOZADE ORANGE 500ML,,2025-02-18 17:01:49.720
lucozade energy orange 500ml,LUCOZADE ORANGE 500ML,,2025-02-18 17:01:49.720
lucozade energy orange 500ml,LUCOZADE ORANGE 500ML,,2025-02-18 17:01:49.720
lucozade energy orange 500ml,LUCOZADE ORANGE 500ML,,2025-02-18 17:01:49.720
lucozade energy orange 500ml,LUCOZADE ORANGE 500ML,,2025-02-18 17:01:49.720
lucozade energy orange 500ml,LUCOZADE ORANGE 500ML,,2025-02-18 17:01:49.720
lucozade energy orange 500ml,LUCOZADE ORANGE 500ML,,2025-02-18 17:01:49.720
lucozade energy orange 500ml,LUCOZADE ORANGE 500ML,,2025-02-18 17:01:49.720
lucozade energy orange 500ml,LUCOZADE ORANGE 500ML,,2025-02-18 17:01:49.720
lucozade energy orange 500ml,LUCOZADE ORANGE 500ML,,2025-02-18 17:01:49.720
lucozade energy orange 500ml,LUCOZADE ORANGE 500ML,,2025-02-18 17:01:49.720
lucozade energy orange 500ml,LUCOZADE ORANGE 500ML,,2025-02-18 17:01:49.720
lucozade energy orange 500ml,LUCOZADE ORANGE 500ML,,2025-02-18 17:01:49.720
lucozade energy orange 500ml,LUCOZADE ORANGE 500ML,,2025-02-18 17:01:49.720
lucozade energy orange 500ml,LUCOZADE ORANGE 500ML,,2025-02-18 17:01:49.720
lucozade energy orange 500ml,LUCOZADE ORANGE 500ML,,2025-02-18 17:01:49.720
lucozade energy orange 500ml,LUCOZADE ORANGE 500ML,,2025-02-18 17:01:49.720
lucozade energy orange 500ml,LUCOZADE ORANGE 500ML,,2025-02-18 17:01:49.720
lucozade energy orange 500ml,LUCOZADE ORANGE 500ML,,2025-02-18 17:01:49.720
lucozade energy orange 500ml,LUCOZADE ORANGE 500ML,,2025-02-18 17:01:49.720
lucozade energy orange 500ml,LUCOZADE ORANGE 500ML,,2025-02-18 17:01:49.720
lucozade energy orange 500ml,LUCOZADE ORANGE 500ML,,2025-02-18 17:01:49.720
lucozade energy orange 500ml,LUCOZADE ORANGE 500ML,,2025-02-18 17:01:49.720
lucozade energy orange 500ml,LUCOZADE ORANGE 500ML,,2025-02-18 17:01:49.720
lucozade energy orange 500ml,LUCOZADE ORANGE 500ML,,2025-02-18 17:01:49.720
lucozade energy orange 500ml,LUCOZADE ORANGE 500ML,,2025-02-18 17:01:49.720
lucozade energy orange 500ml,LUCOZADE ORANGE 500ML,,2025-02-18 17:01:49.720
lucozade energy orange 500ml,LUCOZADE ORANGE 500ML,,2025-02-18 17:01:49.720
lucozade energy orange 500ml,LUCOZADE ORANGE 500ML,,2025-02-18 17:01:49.720
lucozade energy orange 500ml,LUCOZADE ORANGE 500ML,,2025-02-18 17:01:49.720
lucozade energy orange 500ml,LUCOZADE ORANGE 500ML,,2025-02-18 17:01:49.720
lucozade energy orange 500ml,LUCOZADE ORANGE 500ML,,2025-02-18 17:01:49.720
lucozade energy orange 500ml,LUCOZADE ORANGE 500ML,,2025-02-18 17:01:49.720
lucozade energy orange 500ml,LUCOZADE ORANGE 500ML,,2025-02-18 17:01:49.720
lucozade energy orange 500ml,LUCOZADE ORANGE 500ML,,2025-02-18 17:01:49.720
lucozade energy orange 500ml,LUCOZADE ORANGE 500ML,,2025-02-18 17:01:49.720
lucozade energy orange 500ml,LUCOZADE ORANGE 500ML,,2025-02-18 17:01:49.720
lucozade energy orange 500ml,LUCOZADE ORANGE 500ML,,2025-02-18 17:01:49.720
lucozade energy orange 500ml,LUCOZADE ORANGE 500ML,,2025-02-18 17:01:49.720
lucozade energy orange 500ml,LUCOZADE ORANGE 500ML,,2025-02-18 17:01:49.720
lucozade energy orange 500ml,LUCOZADE ORANGE 500ML,,2025-02-18 17:01:49.720
lucozade energy orange 500ml,LUCOZADE ORANGE 500ML,,2025-02-18 17:01:49.720
lucozade energy orange 500ml,LUCOZADE ORANGE 500ML,,2025-02-18 17:01:49.720
lucozade energy orange 500ml,LUCOZADE ORANGE 500ML,,2025-02-18 17:01:49.720
lucozade energy orange 500ml,LUCOZADE ORANGE 500ML,,2025-02-18 17:01:49.720
lucozade energy orange 500ml,LUCOZADE ORANGE 500ML,,2025-02-18 17:01:49.720
lucozade energy orange 500ml,LUCOZADE ORANGE 500ML,,2025-02-18 17:01:49.720
lucozade energy orange 500ml,LUCOZADE ORANGE 500ML,,2025-02-18 17:01:49.720
lucozade energy orange 500ml,LUCOZADE ORANGE 500ML,,2025-02-18 17:01:49.720
lucozade energy orange 500ml,LUCOZADE ORANGE 500ML,,2025-02-18 17:01:49.720
lucozade energy orange 500ml,LUCOZADE ORANGE 500ML,,2025-02-18 17:01:49.720
lucozade energy orange 500ml,LUCOZADE ORANGE 500ML,,2025-02-18 17:01:49.720
lucozade energy orange 500ml,LUCOZADE ORANGE 500ML,,2025-02-18 17:01:49.720
lucozade energy orange 500ml,LUCOZADE ORANGE 500ML,,2025-02-18 17:01:49.720
lucozade energy orange 500ml,LUCOZADE ORANGE 500ML,,2025-02-18 17:01:49.720
lucozade energy orange 500ml,LUCOZADE ORANGE 500ML,,2025-02-18 17:01:49.720
lucozade energy orange 500ml,LUCOZADE ORANGE 500ML,,2025-02-18 17:01:49.720
lucozade energy orange 500ml,LUCOZADE ORANGE 500ML,,2025-02-18 17:01:49.720
lucozade energy orange 500ml,LUCOZADE ORANGE 500ML,,2025-02-18 17:01:49.720
lucozade energy orange 500ml,LUCOZADE ORANGE 500ML,,2025-02-18 17:01:49.720
lucozade energy orange 500ml,LUCOZADE ORANGE 500ML,,2025-02-18 17:01:49.720
lucozade energy orange 500ml,LUCOZADE ORANGE 500ML,,2025-02-18 17:01:49.720
lucozade energy orange 500ml,LUCOZADE ORANGE 500ML,,2025-02-18 17:01:49.720
lucozade energy orange 500ml,LUCOZADE ORANGE 500ML,,2025-02-18 17:01:49.720
lucozade energy orange 500ml,LUCOZADE ORANGE 500ML,,2025-02-18 17:01:49.720
lucozade energy orange 500ml,LUCOZADE ORANGE 500ML,,2025-02-18 17:01:49.720
lucozade energy orange 500ml,LUCOZADE ORANGE 500ML,,2025-02-18 17:01:49.720
lucozade energy orange 500ml,LUCOZADE ORANGE 500ML,,2025-02-18 17:01:49.720
lucozade energy orange 500ml,LUCOZADE ORANGE 500ML,,2025-02-18 17:01:49.720
lucozade energy orange 500ml,LUCOZADE ORANGE 500ML,,2025-02-18 17:01:49.720
lucozade energy orange 500ml,LUCOZADE ORANGE 500ML,,2025-02-18 17:01:49.720
lucozade energy orange 500ml,LUCOZADE ORANGE 500ML,,2025-02-18 17:01:49.720
lucozade energy orange 500ml,LUCOZADE ORANGE 500ML,,2025-02-18 17:01:49.720
lucozade energy orange 500ml,LUCOZADE ORANGE 500ML,,2025-02-18 17:01:49.720
lucozade energy orange 500ml,LUCOZADE ORANGE 500ML,,2025-02-18 17:01:49.720
lucozade energy orange 500ml,LUCOZADE ORANGE 500ML,,2025-02-18 17:01:49.720
lucozade energy orange 500ml,LUCOZADE ORANGE 500ML,,2025-02-18 17:01:49.720
lucozade energy orange 500ml,LUCOZADE ORANGE 500ML,,2025-02-18 17:01:49.720
lucozade energy orange 500ml,LUCOZADE ORANGE 500ML,,2025-02-18 17:01:49.720
lucozade energy orange 500ml,LUCOZADE ORANGE 500ML,,2025-02-18 17:01:49.720
lucozade energy orange 500ml,LUCOZADE ORANGE 500ML,,2025-02-18 17:01:49.720
lucozade energy orange 500ml,LUCOZADE ORANGE 500ML,,2025-02-18 17:01:49.720
lucozade energy orange 500ml,LUCOZADE ORANGE 500ML,,2025-02-18 17:01:49.720
lucozade energy orange 500ml,LUCOZADE ORANGE 500ML,,2025-02-18 17:01:49.720
lucozade energy orange 500ml,LUCOZADE ORANGE 500ML,,2025-02-18 17:01:49.720
lucozade energy orange 500ml,LUCOZADE ORANGE 500ML,,2025-02-18 17:01:49.720
lucozade energy orange 500ml,LUCOZADE ORANGE 500ML,,2025-02-18 17:01:49.720
lucozade energy orange 500ml,LUCOZADE ORANGE 500ML,,2025-02-18 17:01:49.720
lucozade energy orange 500ml,LUCOZADE ORANGE 500ML,,2025-02-18 17:01:49.720
lucozade energy orange 500ml,LUCOZADE ORANGE 500ML,,2025-02-18 17:01:49.720
lucozade energy orange 500ml,LUCOZADE ORANGE 500ML,,2025-02-18 17:01:49.720
lucozade energy orange 500ml,LUCOZADE ORANGE 500ML,,2025-02-18 17:01:49.720
lucozade energy orange 500ml,LUCOZADE ORANGE 500ML,,2025-02-18 17:01:49.720
lucozade energy orange 500ml,LUCOZADE ORANGE 500ML,,2025-02-18 17:01:49.720
lucozade energy orange 500ml,LUCOZADE ORANGE 500ML,,2025-02-18 17:01:49.720
lucozade energy orange 500ml,LUCOZADE ORANGE 500ML,,2025-02-18 17:01:49.720
lucozade energy orange 500ml,LUCOZADE ORANGE 500ML,,2025-02-18 17:01:49.720
lucozade energy orange 500ml,LUCOZADE ORANGE 500ML,,2025-02-18 17:01:49.720
lucozade energy orange 500ml,LUCOZADE ORANGE 500ML,,2025-02-18 17:01:49.720
lucozade energy orange 500ml,LUCOZADE ORANGE 500ML,,2025-02-18 17:01:49.720
lucozade energy orange 500ml,LUCOZADE ORANGE 500ML,,2025-02-18 17:01:49.720
lucozade energy orange 500ml,LUCOZADE ORANGE 500ML,,2025-02-18 17:01:49.720
lucozade energy orange 500ml,LUCOZADE ORANGE 500ML,,2025-02-18 17:01:49.720
lucozade energy orange 500ml,LUCOZADE ORANGE 500ML,,2025-02-18 17:01:49.720
lucozade energy orange 500ml,LUCOZADE ORANGE 500ML,,2025-02-18 17:01:49.720
lucozade energy orange 500ml,LUCOZADE ORANGE 500ML,,2025-02-18 17:01:49.720
lucozade energy orange 500ml,LUCOZADE ORANGE 500ML,,2025-02-18 17:01:49.720
lucozade energy orange 500ml,LUCOZADE ORANGE 500ML,,2025-02-18 17:01:49.720
lucozade energy orange 500ml,LUCOZADE ORANGE 500ML,,2025-02-18 17:01:49.720
lucozade energy orange 500ml,LUCOZADE ORANGE 500ML,,2025-02-18 17:01:49.720
lucozade energy orange 500ml,LUCOZADE ORANGE 500ML,,2025-02-18 17:01:49.720
lucozade energy orange 500ml,LUCOZADE ORANGE 500ML,,2025-02-18 17:01:49.720
lucozade energy orange 500ml,LUCOZADE ORANGE 500ML,,2025-02-18 17:01:49.720
lucozade energy orange 500ml,LUCOZADE ORANGE 500ML,,2025-02-18 17:01:49.720
lucozade energy orange 500ml,LUCOZADE ORANGE 500ML,,2025-02-18 17:01:49.720
lucozade energy orange 500ml,LUCOZADE ORANGE 500ML,,2025-02-18 17:01:49.720
lucozade energy orange 500ml,LUCOZADE ORANGE 500ML,,2025-02-18 17:01:49.720
lucozade energy orange 500ml,LUCOZADE ORANGE 500ML,,2025-02-18 17:01:49.720
lucozade energy orange 500ml,LUCOZADE ORANGE 500ML,,2025-02-18 17:01:49.720
lucozade energy orange 500ml,LUCOZADE ORANGE 500ML,,2025-02-18 17:01:49.720
lucozade energy orange 500ml,LUCOZADE ORANGE 500ML,,2025-02-18 17:01:49.720
lucozade energy orange 500ml,LUCOZADE ORANGE 500ML,,2025-02-18 17:01:49.720
lucozade energy orange 500ml,LUCOZADE ORANGE 500ML,,2025-02-18 17:01:49.720
lucozade energy orange 500ml,LUCOZADE ORANGE 500ML,,2025-02-18 17:01:49.720
lucozade energy orange 500ml,LUCOZADE ORANGE 500ML,,2025-02-18 17:01:49.720
lucozade energy orange 500ml,LUCOZADE ORANGE 500ML,,2025-02-18 17:01:49.720
lucozade energy orange 500ml,LUCOZADE ORANGE 500ML,,2025-02-18 17:01:49.720
lucozade energy orange 500ml,LUCOZADE ORANGE 500ML,,2025-02-18 17:01:49.720
lucozade energy orange 500ml,LUCOZADE ORANGE 500ML,,2025-02-18 17:01:49.720
lucozade energy orange 500ml,LUCOZADE ORANGE 500ML,,2025-02-18 17:01:49.720
lucozade energy orange 500ml,LUCOZADE ORANGE 500ML,,2025-02-18 17:01:49.720
lucozade energy orange 500ml,LUCOZADE ORANGE 500ML,,2025-02-18 17:01:49.720
lucozade energy orange 500ml,LUCOZADE ORANGE 500ML,,2025-02-18 17:01:49.720
lucozade energy orange 500ml,LUCOZADE ORANGE 500ML,,2025-02-18 17:01:49.720
lucozade energy orange 500ml,LUCOZADE ORANGE 500ML,,2025-02-18 17:01:49.720
lucozade energy orange 500ml,LUCOZADE ORANGE 500ML,,2025-02-18 17:01:49.720
lucozade energy orange 500ml,LUCOZADE ORANGE 500ML,,2025-02-18 17:01:49.720
lucozade energy orange 500ml,LUCOZADE ORANGE 500ML,,2025-02-18 17:01:49.720
lucozade energy orange 500ml,LUCOZADE ORANGE 500ML,,2025-02-18 17:01:49.720
lucozade energy orange 500ml,LUCOZADE ORANGE 500ML,,2025-02-18 17:01:49.720
lucozade energy orange 500ml,LUCOZADE ORANGE 500ML,,2025-02-18 17:01:49.720
lucozade energy orange 500ml,LUCOZADE ORANGE 500ML,,2025-02-18 17:01:49.720
lucozade energy orange 500ml,LUCOZADE ORANGE 500ML,,2025-02-18 17:01:49.720
lucozade energy orange 500ml,LUCOZADE ORANGE 500ML,,2025-02-18 17:01:49.720
lucozade energy orange 500ml,LUCOZADE ORANGE 500ML,,2025-02-18 17:01:49.720
lucozade energy orange 500ml,LUCOZADE ORANGE 500ML,,2025-02-18 17:01:49.720
lucozade energy orange 500ml,LUCOZADE ORANGE 500ML,,2025-02-18 17:01:49.720
lucozade energy orange 500ml,LUCOZADE ORANGE 500ML,,2025-02-18 17:01:49.720
lucozade energy orange 500ml,LUCOZADE ORANGE 500ML,,2025-02-18 17:01:49.720
lucozade energy orange 500ml,LUCOZADE ORANGE 500ML,,2025-02-18 17:01:49.720
lucozade energy orange 500ml,LUCOZADE ORANGE 500ML,,2025-02-18 17:01:49.720
lucozade energy orange 500ml,LUCOZADE ORANGE 500ML,,2025-02-18 17:01:49.720
lucozade energy orange 500ml,LUCOZADE ORANGE 500ML,,2025-02-18 17:01:49.720
lucozade energy orange 500ml,LUCOZADE ORANGE 500ML,,2025-02-18 17:01:49.720
lucozade energy orange 500ml,LUCOZADE ORANGE 500ML,,2025-02-18 17:01:49.720
lucozade energy orange 500ml,LUCOZADE ORANGE 500ML,,2025-02-18 17:01:49.720
lucozade energy orange 500ml,LUCOZADE ORANGE 500ML,,2025-02-18 17:01:49.720
lucozade energy orange 500ml,LUCOZADE ORANGE 500ML,,2025-02-18 17:01:49.720
lucozade energy orange 500ml,LUCOZADE ORANGE 500ML,,2025-02-18 17:01:49.720
lucozade energy orange 500ml,LUCOZADE ORANGE 500ML,,2025-02-18 17:01:49.720
lucozade energy orange 500ml,LUCOZADE ORANGE 500ML,,2025-02-18 17:01:49.720
lucozade energy orange 500ml,LUCOZADE ORANGE 500ML,,2025-02-18 17:01:49.720
lucozade energy orange 500ml,LUCOZADE ORANGE 500ML,,2025-02-18 17:01:49.720
lucozade energy orange 500ml,LUCOZADE ORANGE 500ML,,2025-02-18 17:01:49.720
lucozade energy orange 500ml,LUCOZADE ORANGE 500ML,,2025-02-18 17:01:49.720
lucozade energy orange 500ml,LUCOZADE ORANGE 500ML,,2025-02-18 17:01:49.720
lucozade energy orange 500ml,LUCOZADE ORANGE 500ML,,2025-02-18 17:01:49.720
lucozade energy orange 500ml,LUCOZADE ORANGE 500ML,,2025-02-18 17:01:49.720
lucozade energy orange 500ml,LUCOZADE ORANGE 500ML,,2025-02-18 17:01:49.720
lucozade energy orange 500ml,LUCOZADE ORANGE 500ML,,2025-02-18 17:01:49.720
lucozade energy orange 500ml,LUCOZADE ORANGE 500ML,,2025-02-18 17:01:49.720
lucozade energy orange 500ml,LUCOZADE ORANGE 500ML,,2025-02-18 17:01:49.720
lucozade energy orange 500ml,LUCOZADE ORANGE 500ML,,2025-02-18 17:01:49.720
lucozade energy orange 500ml,LUCOZADE ORANGE 500ML,,2025-02-18 17:01:49.720
lucozade energy orange 500ml,LUCOZADE ORANGE 500ML,,2025-02-18 17:01:49.720
lucozade energy orange 500ml,LUCOZADE ORANGE 500ML,,2025-02-18 17:01:49.720
lucozade energy orange 500ml,LUCOZADE ORANGE 500ML,,2025-02-18 17:01:49.720
lucozade energy orange 500ml,LUCOZADE ORANGE 500ML,,2025-02-18 17:01:49.720
lucozade energy orange 500ml,LUCOZADE ORANGE 500ML,,2025-02-18 17:01:49.720
lucozade energy orange 500ml,LUCOZADE ORANGE 500ML,,2025-02-18 17:01:49.720
lucozade energy orange 500ml,LUCOZADE ORANGE 500ML,,2025-02-18 17:01:49.720
lucozade energy orange 500ml,LUCOZADE ORANGE 500ML,,2025-02-18 17:01:49.720
lucozade energy orange 500ml,LUCOZADE ORANGE 500ML,,2025-02-18 17:01:49.720
lucozade energy orange 500ml,LUCOZADE ORANGE 500ML,,2025-02-18 17:01:49.720
lucozade energy orange 500ml,LUCOZADE ORANGE 500ML,,2025-02-18 17:01:49.720
lucozade energy orange 500ml,LUCOZADE ORANGE 500ML,,2025-02-18 17:01:49.720
lucozade energy orange 500ml,LUCOZADE ORANGE 500ML,,2025-02-18 17:01:49.720
lucozade energy orange 500ml,LUCOZADE ORANGE 500ML,,2025-02-18 17:01:49.720
lucozade energy orange 500ml,LUCOZADE ORANGE 500ML,,2025-02-18 17:01:49.720
lucozade energy orange 500ml,LUCOZADE ORANGE 500ML,,2025-02-18 17:01:49.720
lucozade energy orange 500ml,LUCOZADE ORANGE 500ML,,2025-02-18 17:01:49.720
